Effort,Project,Sample,Remark
DCL,TIA,AC3_1_2,CoDL_original
DCL,TIA,AC3_1,CoDL_original
DCL,TIA,AC3_2_2,CoDL_original
DCL,TIA,AC3_2,CoDL_original
DCL,TIA,AC3_TOT_2,CoDL_original
DCL,TIA,AC5_1_2,CoDL_original
DCL,TIA,AC5_1,CoDL_original
DCL,TIA,AC5_2_2,CoDL_original
DCL,TIA,AC5_2,CoDL_original
DCL,TIA,AC5_TOT_2,CoDL_original
DCL,TIA,AC5_TOT,CoDL_original
DCL,TIA,CVA_1_2,CoDL_original
DCL,TIA,GA_2,CoDL_original
DCL,TIA,GAR_1_2,CoDL_original
DCL,TIA,GAR_1,CoDL_original
DCL,TIA,GAR_2_2,CoDL_original
DCL,TIA,GAR_2,CoDL_original
DCL,TIA,GAR_T_2,CoDL_original
DCL,TIA,GEK_1_2,CoDL_original
DCL,TIA,GEK_1,CoDL_original
DCL,TIA,GEK_2_2,CoDL_original
DCL,TIA,GEK_T_2,CoDL_original
DCL,TIA,GEK1_2,CoDL_original
DCL,TIA,GEK3_2,CoDL_original
DCL,TIA,GEK3,CoDL_original
DCO,BKR,Aar_59E_13H2,CoDL_original
DCO,BKR,Aar_59E_21H2,CoDL_original
DCO,BKR,Aar_59E_25H2,CoDL_original
DCO,BKR,Aar_65C_4H2,CoDL_original
DCO,BKR,Aar_DrillFluid_59E_NC,CoDL_original
DCO,BKR,Knox_60B_10H2,CoDL_original
DCO,BKR,Knox_60B_10H2.2,CoDL_original
DCO,BKR,Knox_60B_28H2,CoDL_original
DCO,BKR,Knox_63E_24H2,CoDL_original
DCO,BKR,Knox_63E_6H2,CoDL_original
DCO,BKR,Knox_65C_7H2,CoDL_original
DCO,BKR,Knox_DrillFluid_63E_NC,CoDL_original
DCO,BMS,AG170420_f,CoDL_original
DCO,BMS,BC180410_f,CoDL_original
DCO,BMS,BS180407_f,CoDL_original
DCO,BMS,BS180407_s,CoDL_original
DCO,BMS,BW180407_f,CoDL_original
DCO,BMS,CH180410_f,CoDL_original
DCO,BMS,CH180410_s,CoDL_original
DCO,BMS,CI180408_f,CoDL_original
DCO,BMS,CI180408_s,CoDL_original
DCO,BMS,CL180410_f,CoDL_original
DCO,BMS,CL180410_s,CoDL_original
DCO,BMS,CV180410_f,CoDL_original
DCO,BMS,CV180410_s,CoDL_original
DCO,BMS,CW180415_f,CoDL_original
DCO,BMS,CW180415_s,CoDL_original
DCO,BMS,CZ180409_f,CoDL_original
DCO,BMS,CZ180409_s,CoDL_original
DCO,BMS,DS170420_f,CoDL_original
DCO,BMS,ER180415_f,CoDL_original
DCO,BMS,ER180415_s,CoDL_original
DCO,BMS,Extraction_blank,CoDL_original
DCO,BMS,GE180403_s,CoDL_original
DCO,BMS,HA180403_f,CoDL_original
DCO,BMS,HA180403_s,CoDL_original
DCO,BMS,LB180410_f,CoDL_original
DCO,BMS,LB180410_s,CoDL_original
DCO,BMS,LE180416_f,CoDL_original
DCO,BMS,LE180416_s,CoDL_original
DCO,BMS,LH180406_f,CoDL_original
DCO,BMS,LH180406_s,CoDL_original
DCO,BMS,LP180406_f,CoDL_original
DCO,BMS,LP180406_s,CoDL_original
DCO,BMS,LW180405_f,CoDL_original
DCO,BMS,LW180405_s,CoDL_original
DCO,BMS,MC180404_f,CoDL_original
DCO,BMS,MC180404_s,CoDL_original
DCO,BMS,PC140111_f,CoDL_original
DCO,BMS,PS180405_s,CoDL_original
DCO,BMS,PX180416_f,CoDL_original
DCO,BMS,PX180416_s,CoDL_original
DCO,BMS,RC180404_f,CoDL_original
DCO,BMS,RC180404_s,CoDL_original
DCO,BMS,RR180407_f,CoDL_original
DCO,BMS,RR180407_s,CoDL_original
DCO,BMS,SC180411_f,CoDL_original
DCO,BMS,SC180411_s,CoDL_original
DCO,BMS,XF180416_f,CoDL_original
DCO,BMS,XS180416_s,CoDL_original
DCO,BMS,YR180404_f,CoDL_original
DCO,BRZ,A4B1_Arch,CoDL_original
DCO,BRZ,A4B5_Arch,CoDL_original
DCO,BRZ,A4D1_Bac,CoDL_original
DCO,BRZ,B30_1_Arch,CoDL_original
DCO,BRZ,B30_2_Arch,CoDL_original
DCO,BRZ,B30_3_Arch,CoDL_original
DCO,BRZ,B30_4_Arch,CoDL_original
DCO,BRZ,B30_5_Arch,CoDL_original
DCO,BRZ,Blank_Dialysis_New,CoDL_original
DCO,BRZ,Blank_Dialysis_Old,CoDL_original
DCO,BRZ,CRO_CSW1_1A_43660,CoDL_original
DCO,BRZ,CRO_CSW1_1A_43690,CoDL_original
DCO,BRZ,CRO_CSW1_1B_43660,CoDL_original
DCO,BRZ,CRO_CSW1_1B_43690,CoDL_original
DCO,BRZ,CRO_CSW1_1C_43660,CoDL_original
DCO,BRZ,CRO_CSW1_1C_43690,CoDL_original
DCO,BRZ,CRO_CSW1_3A_43660,CoDL_original
DCO,BRZ,CRO_CSW1_3A_43690,CoDL_original
DCO,BRZ,CRO_CSW1_3B_43660,CoDL_original
DCO,BRZ,CRO_CSW1_3B_43690,CoDL_original
DCO,BRZ,CRO_CSW1_3C_43690,CoDL_original
DCO,BRZ,CRO_CSW10R_42036,CoDL_original
DCO,BRZ,CRO_CSW10R_43813,CoDL_original
DCO,BRZ,CRO_CSW14R_43813,CoDL_original
DCO,BRZ,CRO_CSW1R_42036,CoDL_original
DCO,BRZ,CRO_CSW1R_43813,CoDL_original
DCO,BRZ,CRO_CSW2R_42036,CoDL_original
DCO,BRZ,CRO_CSW2R_43813,CoDL_original
DCO,BRZ,CRO_ISA,CoDL_original
DCO,BRZ,CRO_ISAA,CoDL_original
DCO,BRZ,CRO_ISAB,CoDL_original
DCO,BRZ,CRO_ISAC,CoDL_original
DCO,BRZ,CRO_ISAD,CoDL_original
DCO,BRZ,CRO_ISAE,CoDL_original
DCO,BRZ,CRO_ISAF,CoDL_original
DCO,BRZ,CRO_ISAG,CoDL_original
DCO,BRZ,CRO_ISAH,CoDL_original
DCO,BRZ,CRO_ISAI,CoDL_original
DCO,BRZ,CRO_ISAJ,CoDL_original
DCO,BRZ,CRO_ISB,CoDL_original
DCO,BRZ,CRO_ISC,CoDL_original
DCO,BRZ,CRO_ISD,CoDL_original
DCO,BRZ,CRO_ISE,CoDL_original
DCO,BRZ,CRO_ISF,CoDL_original
DCO,BRZ,CRO_ISG,CoDL_original
DCO,BRZ,CRO_ISH,CoDL_original
DCO,BRZ,CRO_ISI,CoDL_original
DCO,BRZ,CRO_ISJ,CoDL_original
DCO,BRZ,CRO_ISK,CoDL_original
DCO,BRZ,CRO_ISL,CoDL_original
DCO,BRZ,CRO_ISM,CoDL_original
DCO,BRZ,CRO_ISN,CoDL_original
DCO,BRZ,CRO_ISO,CoDL_original
DCO,BRZ,CRO_ISP,CoDL_original
DCO,BRZ,CRO_ISQ,CoDL_original
DCO,BRZ,CRO_ISR,CoDL_original
DCO,BRZ,CRO_ISS,CoDL_original
DCO,BRZ,CRO_IST,CoDL_original
DCO,BRZ,CRO_ISU,CoDL_original
DCO,BRZ,CRO_ISV,CoDL_original
DCO,BRZ,CRO_ISW,CoDL_original
DCO,BRZ,CRO_ISX,CoDL_original
DCO,BRZ,CRO_ISY,CoDL_original
DCO,BRZ,CRO_ISZ,CoDL_original
DCO,BRZ,CRO_MC1,CoDL_original
DCO,BRZ,CRO_MC10,CoDL_original
DCO,BRZ,CRO_MC11,CoDL_original
DCO,BRZ,CRO_MC12,CoDL_original
DCO,BRZ,CRO_MC13,CoDL_original
DCO,BRZ,CRO_MC14,CoDL_original
DCO,BRZ,CRO_MC15,CoDL_original
DCO,BRZ,CRO_MC16,CoDL_original
DCO,BRZ,CRO_MC17,CoDL_original
DCO,BRZ,CRO_MC18,CoDL_original
DCO,BRZ,CRO_MC19,CoDL_original
DCO,BRZ,CRO_MC2,CoDL_original
DCO,BRZ,CRO_MC20,CoDL_original
DCO,BRZ,CRO_MC22,CoDL_original
DCO,BRZ,CRO_MC23,CoDL_original
DCO,BRZ,CRO_MC24,CoDL_original
DCO,BRZ,CRO_MC25,CoDL_original
DCO,BRZ,CRO_MC26,CoDL_original
DCO,BRZ,CRO_MC27,CoDL_original
DCO,BRZ,CRO_MC28,CoDL_original
DCO,BRZ,CRO_MC29,CoDL_original
DCO,BRZ,CRO_MC3,CoDL_original
DCO,BRZ,CRO_MC30,CoDL_original
DCO,BRZ,CRO_MC31,CoDL_original
DCO,BRZ,CRO_MC32,CoDL_original
DCO,BRZ,CRO_MC33,CoDL_original
DCO,BRZ,CRO_MC34,CoDL_original
DCO,BRZ,CRO_MC35,CoDL_original
DCO,BRZ,CRO_MC36,CoDL_original
DCO,BRZ,CRO_MC37,CoDL_original
DCO,BRZ,CRO_MC38,CoDL_original
DCO,BRZ,CRO_MC39,CoDL_original
DCO,BRZ,CRO_MC4,CoDL_original
DCO,BRZ,CRO_MC40,CoDL_original
DCO,BRZ,CRO_MC41,CoDL_original
DCO,BRZ,CRO_MC42,CoDL_original
DCO,BRZ,CRO_MC5,CoDL_original
DCO,BRZ,CRO_MC6,CoDL_original
DCO,BRZ,CRO_MC7,CoDL_original
DCO,BRZ,CRO_MC8,CoDL_original
DCO,BRZ,CRO_MC9,CoDL_original
DCO,BRZ,CRO_MCF1_3,CoDL_original
DCO,BRZ,CRO_MCF10_12,CoDL_original
DCO,BRZ,CRO_MCF13_15,CoDL_original
DCO,BRZ,CRO_MCF16_18,CoDL_original
DCO,BRZ,CRO_MCF19_21,CoDL_original
DCO,BRZ,CRO_MCF22_24,CoDL_original
DCO,BRZ,CRO_MCF25_27,CoDL_original
DCO,BRZ,CRO_MCF28_30,CoDL_original
DCO,BRZ,CRO_MCF31_33,CoDL_original
DCO,BRZ,CRO_MCF34_36,CoDL_original
DCO,BRZ,CRO_MCF37_39,CoDL_original
DCO,BRZ,CRO_MCF4_6,CoDL_original
DCO,BRZ,CRO_MCF40_42,CoDL_original
DCO,BRZ,CRO_MCF7_9,CoDL_original
DCO,BRZ,CRO_QV1_1A_43660,CoDL_original
DCO,BRZ,CRO_QV1_1A_43690,CoDL_original
DCO,BRZ,CRO_QV1_1B_43660,CoDL_original
DCO,BRZ,CRO_QV1_1B_43690,CoDL_original
DCO,BRZ,CRO_QV1_1C_43660,CoDL_original
DCO,BRZ,CRO_QV1_1C_43690,CoDL_original
DCO,BRZ,CRO_QV1_2A_43660,CoDL_original
DCO,BRZ,CRO_QV1_2A_43690,CoDL_original
DCO,BRZ,CRO_QV1_2B_43660,CoDL_original
DCO,BRZ,CRO_QV1_2B_43690,CoDL_original
DCO,BRZ,CRO_QV1_2C_43690,CoDL_original
DCO,BRZ,CRO_QV42R_42036,CoDL_original
DCO,BRZ,CSWold_43536,CoDL_original
DCO,BRZ,CSWold_43627,CoDL_original
DCO,BRZ,CSWold_A_43690,CoDL_original
DCO,BRZ,CSWold_A_43812,CoDL_original
DCO,BRZ,KLT_A4A_43569,CoDL_original
DCO,BRZ,KLT_A4B_43569,CoDL_original
DCO,BRZ,KLT_A4D_43569,CoDL_original
DCO,BRZ,KLT_B30_43569,CoDL_original
DCO,BRZ,KLT_DLB_43569,CoDL_original
DCO,BRZ,N08A_43657,CoDL_original
DCO,BRZ,N08A_A_43812,CoDL_original
DCO,BRZ,N08A_B_43690,CoDL_original
DCO,BRZ,N08Aa_43689,CoDL_original
DCO,BRZ,N08B_43657,CoDL_original
DCO,BRZ,N08B_A_43690,CoDL_original
DCO,BRZ,N08B_A_43812,CoDL_original
DCO,BRZ,N08Ba_43689,CoDL_original
DCO,BRZ,N08Bb_43689,CoDL_original
DCO,BRZ,N08Bc_43689,CoDL_original
DCO,BRZ,N08C_A_43690,CoDL_original
DCO,BRZ,N08C_A_43812,CoDL_original
DCO,BRZ,N1A_43689,CoDL_original
DCO,BRZ,N5A_43689,CoDL_original
DCO,BRZ,Serp_CRO_8A_43566,CoDL_original
DCO,BRZ,Serp_CRO_8A_43688,CoDL_original
DCO,BRZ,Serp_CRO_8B_AprC11,CoDL_original
DCO,BRZ,Serp_CRO_8B_AprD11,CoDL_original
DCO,BRZ,Serp_CRO_B08B_C_43537,CoDL_original
DCO,BRZ,Serp_CRO_CarboyBlank_43537,CoDL_original
DCO,BRZ,Serp_CRO_CSW_43688,CoDL_original
DCO,BRZ,Serp_CRO_CSW_insitu_43628,CoDL_original
DCO,BRZ,Serp_CRO_CSW_insitu_43689,CoDL_original
DCO,BRZ,Serp_CRO_CSW_insitu_43811,CoDL_original
DCO,BRZ,Serp_CRO_CSW_old_C_43537,CoDL_original
DCO,BRZ,Serp_CRO_CSW_soil1R_41699,CoDL_original
DCO,BRZ,Serp_CRO_CSW_soil2R_41699,CoDL_original
DCO,BRZ,Serp_CRO_CSW1_1A_43537,CoDL_original
DCO,BRZ,Serp_CRO_CSW1_2A_43537,CoDL_original
DCO,BRZ,Serp_CRO_CSW1_3B_43537,CoDL_original
DCO,BRZ,Serp_CRO_CSW1_4A_43537,CoDL_original
DCO,BRZ,Serp_CRO_CSW1_5A_43537,CoDL_original
DCO,BRZ,Serp_CRO_CSW10R,CoDL_original
DCO,BRZ,Serp_CRO_CSW11ABCD_43628,CoDL_original
DCO,BRZ,Serp_CRO_CSW11B_43537,CoDL_original
DCO,BRZ,Serp_CRO_CSW12B_43537,CoDL_original
DCO,BRZ,Serp_CRO_CSW12C_43537,CoDL_original
DCO,BRZ,Serp_CRO_CSW13A_43537,CoDL_original
DCO,BRZ,Serp_CRO_CSW13C_43537,CoDL_original
DCO,BRZ,Serp_CRO_CSW13R,CoDL_original
DCO,BRZ,Serp_CRO_CSW14R,CoDL_original
DCO,BRZ,Serp_CRO_CSW15B_43537,CoDL_original
DCO,BRZ,Serp_CRO_CSW15R,CoDL_original
DCO,BRZ,Serp_CRO_CSW16R,CoDL_original
DCO,BRZ,Serp_CRO_CSW17R,CoDL_original
DCO,BRZ,Serp_CRO_CSW19R,CoDL_original
DCO,BRZ,Serp_CRO_CSW1R,CoDL_original
DCO,BRZ,Serp_CRO_CSW22R,CoDL_original
DCO,BRZ,Serp_CRO_CSW24R,CoDL_original
DCO,BRZ,Serp_CRO_CSW25R,CoDL_original
DCO,BRZ,Serp_CRO_CSW26R,CoDL_original
DCO,BRZ,Serp_CRO_CSW2R,CoDL_original
DCO,BRZ,Serp_CRO_CSW6R,CoDL_original
DCO,BRZ,Serp_CRO_CSW7R,CoDL_original
DCO,BRZ,Serp_CRO_CSW8R,CoDL_original
DCO,BRZ,Serp_CRO_CSWinsituMar13,CoDL_original
DCO,BRZ,Serp_CRO_CSWold_11_11,CoDL_original
DCO,BRZ,Serp_CRO_CSWold2_43657,CoDL_original
DCO,BRZ,Serp_CRO_CSWold3_43657,CoDL_original
DCO,BRZ,Serp_CRO_CSWoldA_43537,CoDL_original
DCO,BRZ,Serp_CRO_CSWoldB_43537,CoDL_original
DCO,BRZ,Serp_CRO_CSWoldT0_43537,CoDL_original
DCO,BRZ,Serp_CRO_CSWwell_43688,CoDL_original
DCO,BRZ,Serp_CRO_N08A_43566,CoDL_original
DCO,BRZ,Serp_CRO_N08A_43688,CoDL_original
DCO,BRZ,Serp_CRO_N08A_A_43537,CoDL_original
DCO,BRZ,Serp_CRO_N08AB_43537,CoDL_original
DCO,BRZ,Serp_CRO_N08BA_43537,CoDL_original
DCO,BRZ,Serp_CRO_N08BB_43537,CoDL_original
DCO,BRZ,Serp_CRO_N08C_B_43537,CoDL_original
DCO,BRZ,Serp_CRO_N08CA_43537,CoDL_original
DCO,BRZ,Serp_CRO_N08T0_43537,CoDL_original
DCO,BRZ,Serp_CRO_QV_soil1R_41699,CoDL_original
DCO,BRZ,Serp_CRO_QV_soil2R_41699,CoDL_original
DCO,BRZ,Serp_CRO_QV03R,CoDL_original
DCO,BRZ,Serp_CRO_QV05R,CoDL_original
DCO,BRZ,Serp_CRO_QV07R,CoDL_original
DCO,BRZ,Serp_CRO_QV1_1A_43537,CoDL_original
DCO,BRZ,Serp_CRO_QV1_2B_43537,CoDL_original
DCO,BRZ,Serp_CRO_QV1_3B_43537,CoDL_original
DCO,BRZ,Serp_CRO_QV11B_43537,CoDL_original
DCO,BRZ,Serp_CRO_QV11C_43537,CoDL_original
DCO,BRZ,Serp_CRO_QV11R_41699,CoDL_original
DCO,BRZ,Serp_CRO_QV11R,CoDL_original
DCO,BRZ,Serp_CRO_QV12A_43537,CoDL_original
DCO,BRZ,Serp_CRO_QV13A_43537,CoDL_original
DCO,BRZ,Serp_CRO_QV13A_43689,CoDL_original
DCO,BRZ,Serp_CRO_QV13R_41699,CoDL_original
DCO,BRZ,Serp_CRO_QV13R,CoDL_original
DCO,BRZ,Serp_CRO_QV16R,CoDL_original
DCO,BRZ,Serp_CRO_QV18R_41699,CoDL_original
DCO,BRZ,Serp_CRO_QV18R,CoDL_original
DCO,BRZ,Serp_CRO_QV20R,CoDL_original
DCO,BRZ,Serp_CRO_QV21R_41699,CoDL_original
DCO,BRZ,Serp_CRO_QV21R,CoDL_original
DCO,BRZ,Serp_CRO_QV22R,CoDL_original
DCO,BRZ,Serp_CRO_QV25R_41699,CoDL_original
DCO,BRZ,Serp_CRO_QV25R,CoDL_original
DCO,BRZ,Serp_CRO_QV28R,CoDL_original
DCO,BRZ,Serp_CRO_QV30R_41699,CoDL_original
DCO,BRZ,Serp_CRO_QV30R,CoDL_original
DCO,BRZ,Serp_CRO_QV31R,CoDL_original
DCO,BRZ,Serp_CRO_QV36R,CoDL_original
DCO,BRZ,Serp_CRO_QV40,CoDL_original
DCO,BRZ,Serp_CRO_QV42R_41699,CoDL_original
DCO,BRZ,Serp_CRO_QV42R,CoDL_original
DCO,BRZ,Serp_CRO_QV9R,CoDL_original
DCO,BRZ,Serp_CRO_QVinsituMar13,CoDL_original
DCO,BRZ,Serp_CRO_tank1_43688,CoDL_original
DCO,BRZ,Serp_CRO_tank3_43688,CoDL_original
DCO,BRZ,Serp_CRO_Well8B_43566,CoDL_original
DCO,BRZ,Serp_CRO11_QV13R,CoDL_original
DCO,BRZ,Serp_CRO11_QV21R,CoDL_original
DCO,BRZ,Serp_KLT_A4A_91613,CoDL_original
DCO,BRZ,Serp_KLT_A4A_91713,CoDL_original
DCO,BRZ,Serp_KLT_A4B_3_91713,CoDL_original
DCO,BRZ,Serp_KLT_A4B_91613,CoDL_original
DCO,BRZ,Serp_KLT_A4B_91713,CoDL_original
DCO,BRZ,Serp_KLT_A4D_2_91713,CoDL_original
DCO,BRZ,Serp_KLT_B30_91613,CoDL_original
DCO,BRZ,Serp_KLT_B30_91713,CoDL_original
DCO,BRZ,Serp_KLT_DLB_91613,CoDL_original
DCO,BRZ,Serp_KLT_DLB_91713,CoDL_original
DCO,BRZ,Serp_LC_2109_1_1,CoDL_original
DCO,BRZ,Serp_LC_2109_2_1,CoDL_original
DCO,BRZ,Serp_LC_211W_AC_A1,CoDL_original
DCO,BRZ,Serp_LC_212E_C_A1,CoDL_original
DCO,BRZ,Serp_LC_212E_C_A2,CoDL_original
DCO,BRZ,Serp_LC_221A_A,CoDL_original
DCO,BRZ,Serp_LC_222H_E,CoDL_original
DCO,BRZ,Serp_LC_223I_CE,CoDL_original
DCO,BRZ,Serp_LC_231U_A,CoDL_original
DCO,BRZ,Serp_LC_234V_ABCE,CoDL_original
DCO,BRZ,Serp_LC_237Y_E_A1,CoDL_original
DCO,BRZ,Serp_LC_237Y_E_A2,CoDL_original
DCO,BRZ,Serp_LC_239AB_AC_A1,CoDL_original
DCO,BRZ,Serp_LC_239AB_AC_A2,CoDL_original
DCO,BRZ,Serp_LC_242_A1,CoDL_original
DCO,BRZ,Serp_LC_242_A2,CoDL_original
DCO,BRZ,Serp_LC_5AF_E_A1,CoDL_original
DCO,BRZ,Serp_LC_5AF_E_A2,CoDL_original
DCO,BRZ,Serp_LC_6AG_A,CoDL_original
DCO,BRZ,Serp_LC_BB02,CoDL_original
DCO,BRZ,Serp_LC_BB03,CoDL_original
DCO,BRZ,Serp_LC_BB10,CoDL_original
DCO,BRZ,Serp_LC_BB12,CoDL_original
DCO,BRZ,Serp_LC_BB13,CoDL_original
DCO,BRZ,Serp_LC_BB14,CoDL_original
DCO,BRZ,Serp_LC_BB15,CoDL_original
DCO,BRZ,Serp_LC_BB16,CoDL_original
DCO,BRZ,Serp_LC_BB17,CoDL_original
DCO,BRZ,Serp_LC_BB18,CoDL_original
DCO,BRZ,Serp_LC_BB20,CoDL_original
DCO,BRZ,Serp_LC_BB21,CoDL_original
DCO,BRZ,Serp_LC_BB22,CoDL_original
DCO,BRZ,Serp_LC_BB25,CoDL_original
DCO,BRZ,Serp_LC_BB27,CoDL_original
DCO,BRZ,Serp_LC_BB28,CoDL_original
DCO,BRZ,Serp_LC_BB31,CoDL_original
DCO,BRZ,Serp_LC_BB32,CoDL_original
DCO,BRZ,Serp_LC_BB33,CoDL_original
DCO,BRZ,Serp_LC_BB34,CoDL_original
DCO,BRZ,Serp_LC_BB35,CoDL_original
DCO,BRZ,Serp_LC_BB36,CoDL_original
DCO,BRZ,Serp_LC_BB37,CoDL_original
DCO,BRZ,Serp_LC_BB38,CoDL_original
DCO,BRZ,Serp_LC_BB4,CoDL_original
DCO,BRZ,Serp_LC_BB40,CoDL_original
DCO,BRZ,Serp_LC_BB41,CoDL_original
DCO,BRZ,Serp_LC_BB43,CoDL_original
DCO,BRZ,Serp_LC_BB46,CoDL_original
DCO,BRZ,Serp_LC_BB49,CoDL_original
DCO,BRZ,Serp_LC_BB6,CoDL_original
DCO,BRZ,Serp_LC_BB7,CoDL_original
DCO,BRZ,Serp_LC_BB8,CoDL_original
DCO,BRZ,Serp_LC_BB9,CoDL_original
DCO,BRZ,Serp_LC_H08_1_3,CoDL_original
DCO,BRZ,Serp_LC_HO8_2_2,CoDL_original
DCO,BRZ,Serp_LC_HO8_3_2,CoDL_original
DCO,BRZ,Serp_LC_TW07,CoDL_original
DCO,BRZ,Serp_LC_TW08,CoDL_original
DCO,BRZ,Serp_LC_TW09,CoDL_original
DCO,BRZ,Serp_LC_TW10,CoDL_original
DCO,BRZ,Serp_LC1408,CoDL_original
DCO,BRZ,Serp_LC3862_1325,CoDL_original
DCO,BRZ,Serp_LIG_BR2_back1_43628,CoDL_original
DCO,BRZ,Serp_LIG_BR2_back2_43628,CoDL_original
DCO,BRZ,Serp_LIG_BR2R_41699,CoDL_original
DCO,BRZ,Serp_LIG_GorR_41699,CoDL_original
DCO,BRZ,Serp_LIG_Gor_R3R_41699,CoDL_original
DCO,BRZ,Serp_LIG_Gor_R4R_41699,CoDL_original
DCO,BRZ,Serp_LIG_Gor_R5R_41699,CoDL_original
DCO,BRZ,Serp_LIG_Gor_R6R_41699,CoDL_original
DCO,BRZ,Serp_LIG_Gor_upA_43658,CoDL_original
DCO,BRZ,Serp_LIG_Gor_upB_43658,CoDL_original
DCO,BRZ,Serp_LIG_GOR1_11_65_43749_A2,CoDL_original
DCO,BRZ,Serp_Lig_GOR1AB_2013,CoDL_original
DCO,BRZ,Serp_Lig_GOR1CDEF_2013,CoDL_original
DCO,BRZ,Serp_Lig_GORupA_2013,CoDL_original
DCO,BRZ,Serp_Lig_GORupB_2013,CoDL_original
DCO,BRZ,Serp_LIG_L43_upstream_43749,CoDL_original
DCO,BRZ,Serp_LIG_LER20_11_117_43749_A2,CoDL_original
DCO,BRZ,Serp_LIG_LER20_lipids2011,CoDL_original
DCO,BRZ,Serp_LIG_LER20_LS11_127_43749,CoDL_original
DCO,BRZ,Serp_LIG_PIO14_11_83_43749_A2,CoDL_original
DCO,BRZ,Serp_Oman_32Rock,CoDL_original
DCO,BRZ,Serp_Oman_Aardvark,CoDL_original
DCO,BRZ,Serp_Oman_Africa,CoDL_original
DCO,BRZ,Serp_Oman_AlaklineSpringOF2,CoDL_original
DCO,BRZ,Serp_Oman_AudreyII,CoDL_original
DCO,BRZ,Serp_Oman_BraveSirRobin,CoDL_original
DCO,BRZ,Serp_Oman_ChainFools,CoDL_original
DCO,BRZ,Serp_Oman_CornerPocket,CoDL_original
DCO,BRZ,Serp_Oman_downstream_Jimi,CoDL_original
DCO,BRZ,Serp_Oman_Eden,CoDL_original
DCO,BRZ,Serp_Oman_GlazedKidney,CoDL_original
DCO,BRZ,Serp_Oman_Kermit,CoDL_original
DCO,BRZ,Serp_Oman_KingArthur,CoDL_original
DCO,BRZ,Serp_Oman_Nemo,CoDL_original
DCO,BRZ,Serp_Oman_PalmPool,CoDL_original
DCO,BRZ,Serp_Oman_RoundTable,CoDL_original
DCO,BRZ,Serp_Oman_TadPool,CoDL_original
DCO,BRZ,Serp_Oman_Triangle,CoDL_original
DCO,BRZ,Serp_Oman_WadiInput1,CoDL_original
DCO,BRZ,Serp_Oman_WadiInput2,CoDL_original
DCO,BRZ,Serp_POR_AC3,CoDL_original
DCO,BRZ,Serp_POR_AC5,CoDL_original
DCO,BRZ,Serp_POR_spainbore,CoDL_original
DCO,BRZ,Serp_POR_spainhole,CoDL_original
DCO,BRZ,Serp_Prony02,CoDL_original
DCO,BRZ,Serp_Prony07,CoDL_original
DCO,BRZ,Serp_Prony16b,CoDL_original
DCO,BRZ,Serp_Prony17b,CoDL_original
DCO,BRZ,Serp_Prony24,CoDL_original
DCO,BRZ,Serp_Prony25,CoDL_original
DCO,BRZ,Serp_Prony26,CoDL_original
DCO,BRZ,Serp_Prony27,CoDL_original
DCO,BRZ,Serp_Prony28,CoDL_original
DCO,BRZ,Serp_Prony29,CoDL_original
DCO,BRZ,Serp_Prony30,CoDL_original
DCO,BRZ,Serp_QV3R_41699,CoDL_original
DCO,BRZ,Serp_QV7R_41699,CoDL_original
DCO,BRZ,Serp_SE_MurcielagoUp1_41671,CoDL_original
DCO,BRZ,Serp_SE_MurcielagoUp2_41671,CoDL_original
DCO,BRZ,Serp_SE_MurcielagoUp3_41671,CoDL_original
DCO,BRZ,Serp_SE_PozoAguasCalientes1,CoDL_original
DCO,BRZ,Serp_SE_PozoAguasCalientes2,CoDL_original
DCO,BRZ,Serp_SE_PozoAguasCalientes3,CoDL_original
DCO,BRZ,Serp_SE_PozoMurcielago1,CoDL_original
DCO,BRZ,Serp_SE_PozoMurcielago2,CoDL_original
DCO,BRZ,Serp_SE_PozoMurcielago3,CoDL_original
DCO,BRZ,Serp_SE_PozoNuevo1,CoDL_original
DCO,BRZ,Serp_SE_PozoNuevo2,CoDL_original
DCO,BRZ,SERP_SE_PozoNuevo3,CoDL_original
DCO,BRZ,Serp_SE_Q_Danta1_43537,CoDL_original
DCO,BRZ,Serp_SE_Q_Danta2_43537,CoDL_original
DCO,BRZ,Serp_SE_Q_Danta4_43537,CoDL_original
DCO,BRZ,Serp_SE_QDanta1_41671,CoDL_original
DCO,BRZ,Serp_SE_QDanta2_41671,CoDL_original
DCO,BRZ,Serp_SE_QDanta3_41671,CoDL_original
DCO,BRZ,Serp_SE_QDantaUp1_41671,CoDL_original
DCO,BRZ,Serp_SE_QDantaUp2_41671,CoDL_original
DCO,BRZ,Serp_SE_QDantaUp3_41671,CoDL_original
DCO,BRZ,Serp_SE_RioCalera1_41671,CoDL_original
DCO,BRZ,Serp_SE_RioCalera2_41671,CoDL_original
DCO,BRZ,Serp_SE_RioCalera3_41671,CoDL_original
DCO,BRZ,Serp_SE_Spring_1_41671,CoDL_original
DCO,BRZ,Serp_SE_Spring8_2_41671,CoDL_original
DCO,BRZ,Serp_SE_Spring8_3_41671,CoDL_original
DCO,BRZ,Serp_SE_Spring8_4_41671,CoDL_original
DCO,BRZ,Serp_SE_Spring8_43537,CoDL_original
DCO,BRZ,Serp_SE_Spring9_1_41671,CoDL_original
DCO,BRZ,Serp_SE_Spring9_2_41671,CoDL_original
DCO,BRZ,Serp_SE_Spring9_3_41671,CoDL_original
DCO,BRZ,Serp_SE_Spring9_43537,CoDL_original
DCO,BRZ,Serp_TL_WHC2A_DNA3_43627,CoDL_original
DCO,BRZ,Serp_TL_WHC2ab_6_12,CoDL_original
DCO,BRZ,Serp_TL_WHC2ab_7_12,CoDL_original
DCO,BRZ,Serp_TL_WHC2ab_8_12,CoDL_original
DCO,BRZ,Serp_TL_WHC2ab_9_12,CoDL_original
DCO,BRZ,Serp_TL_WHC2b_1_5_12,CoDL_original
DCO,BRZ,Serp_TL_WHC2B_43687,CoDL_original
DCO,BRZ,Serp_TL_WHC2C_DNA2_43627,CoDL_original
DCO,BRZ,Serp_TL_WHC75_DNA2_43627,CoDL_original
DCO,BRZ,Serp_TL10_57,CoDL_original
DCO,DAL,AgiaParaskevi,CoDL_original
DCO,DAL,Alexandria,CoDL_original
DCO,DAL,Control,CoDL_original
DCO,DAL,Giotrisi,CoDL_original
DCO,DAL,Kabasilon,CoDL_original
DCO,DAL,Mesochori3,CoDL_original
DCO,DAL,NeaApollonia3,CoDL_original
DCO,DAL,NeaKessani,CoDL_original
DCO,DAL,NeoErasmio,CoDL_original
DCO,DAL,Nymfopetra,CoDL_original
DCO,DAL,Termopigi,CoDL_original
DCO,DAL,Traianoupoli,CoDL_original
DCO,GMSB,P10_2,CoDL_original
DCO,GMSB,P10_4,CoDL_original
DCO,GMSB,P11_2,CoDL_original
DCO,GMSB,P11_5,CoDL_original
DCO,GMSB,P12_4,CoDL_original
DCO,GMSB,P13_4,CoDL_original
DCO,GMSB,P3_4,CoDL_original
DCO,GMSB,P4_3,CoDL_original
DCO,GMSB,P6_3,CoDL_original
DCO,GMSB,P6_4,CoDL_original
DCO,GRD,69A4R1_75_85_bacteria,CoDL_original
DCO,GRD,69A9R2_124_129_Bac,CoDL_original
DCO,GRD,70C3R1_85_91_Bac,CoDL_original
DCO,GRD,74A_1R1_50_60_Bac,CoDL_original
DCO,HAN,CH_1,CoDL_original
DCO,HAN,CH_10,CoDL_original
DCO,HAN,CH_11,CoDL_original
DCO,HAN,CH_12,CoDL_original
DCO,HAN,CH_13,CoDL_original
DCO,HAN,CH_14,CoDL_original
DCO,HAN,CH_15,CoDL_original
DCO,HAN,CH_16,CoDL_original
DCO,HAN,CH_17,CoDL_original
DCO,HAN,CH_18,CoDL_original
DCO,HAN,CH_19,CoDL_original
DCO,HAN,CH_2,CoDL_original
DCO,HAN,CH_20,CoDL_original
DCO,HAN,CH_21,CoDL_original
DCO,HAN,CH_22,CoDL_original
DCO,HAN,CH_3,CoDL_original
DCO,HAN,CH_4,CoDL_original
DCO,HAN,CH_5,CoDL_original
DCO,HAN,CH_6,CoDL_original
DCO,HAN,CH_7,CoDL_original
DCO,HAN,CH_8,CoDL_original
DCO,HAN,CH_9,CoDL_original
DCO,JOYE,GC600_1015,CoDL_original
DCO,JOYE,GC600_1520,CoDL_original
DCO,JOYE,GC600_Microcosm,CoDL_original
DCO,JOYE,GC767_1015,CoDL_original
DCO,JOYE,GC767_1520,CoDL_original
DCO,JOYE,GC767_Microcosm,CoDL_original
DCO,JOYE,MC118_1015,CoDL_original
DCO,JOYE,MC118_1520,CoDL_original
DCO,JOYE,MC118_Microcosm,CoDL_original
DCO,JOYE,OC26_1015,CoDL_original
DCO,JOYE,OC26_1520,CoDL_original
DCO,JOYE,OC26_Microcosm,CoDL_original
DCO,KAZ,RCon,CoDL_original
DCO,KAZ,S1_MT,CoDL_original
DCO,KAZ,S2_MT,CoDL_original
DCO,KAZ,S3_MT,CoDL_original
DCO,KAZ,S4_MT,CoDL_original
DCO,KAZ,S5_HC,CoDL_original
DCO,KAZ,S6_HC,CoDL_original
DCO,KAZ,S7_HC,CoDL_original
DCO,KAZ,S8_HC,CoDL_original
DCO,KLA,Cetus_summit_220,CoDL_original
DCO,KLA,Cetus_summit_40,CoDL_original
DCO,KLA,Venere_flow_150_m_from_summit_5,CoDL_original
DCO,KLA,Venere_flow_150_m_from_summit_60,CoDL_original
DCO,KLA,Venere_flow_80_m_from_summit_2,CoDL_original
DCO,KLA,Venere_flow_80_m_from_summit_267,CoDL_original
DCO,KLA,Venere_flow_80_m_from_summit_48,CoDL_original
DCO,KLA,Venere_summit_2,CoDL_original
DCO,KLA,Venere_summit_470,CoDL_original
DCO,KLA,Venere_summit_88,CoDL_original
DCO,LAZ,GC03top,CoDL_original
DCO,LAZ,PC1A_2,CoDL_original
DCO,LAZ,PC1A,CoDL_original
DCO,LAZ,PC2A,CoDL_original
DCO,LAZ,PC2B,CoDL_original
DCO,LAZ,PC2C,CoDL_original
DCO,LAZ,PC2D,CoDL_original
DCO,LAZ,PC3A_2,CoDL_original
DCO,LAZ,PC3A,CoDL_original
DCO,LAZ,PC3B_2,CoDL_original
DCO,LAZ,PC3B,CoDL_original
DCO,LAZ,PC3C_2,CoDL_original
DCO,LAZ,PC3C,CoDL_original
DCO,LAZ,PC4A,CoDL_original
DCO,LAZ,PC4B,CoDL_original
DCO,LLO,BRF1_BR170218_1,CoDL_original
DCO,LLO,BRF2_BR170218_2,CoDL_original
DCO,LLO,BRS1_BR170218_1,CoDL_original
DCO,LLO,BRS2_BR170218_2,CoDL_original
DCO,LLO,CYF_CY170214,CoDL_original
DCO,LLO,CYS_CY170214,CoDL_original
DCO,LLO,EPF_EP170215,CoDL_original
DCO,LLO,EPS_EP170215,CoDL_original
DCO,LLO,ESF9_ES_F9,CoDL_original
DCO,LLO,ETF_ET170220,CoDL_original
DCO,LLO,ETS_ET170220,CoDL_original
DCO,LLO,FAF_FA170219,CoDL_original
DCO,LLO,FAS_FA170219,CoDL_original
DCO,LLO,MTF_MT170219,CoDL_original
DCO,LLO,PBS_Poas_Background,CoDL_original
DCO,LLO,PFF_PF170224,CoDL_original
DCO,LLO,PFS_PF170222,CoDL_original
DCO,LLO,PGF_PG170224,CoDL_original
DCO,LLO,PGS_PG170224,CoDL_original
DCO,LLO,PLS_PL170224,CoDL_original
DCO,LLO,QHF2_QH170212_2,CoDL_original
DCO,LLO,QHS1_QH170213_1,CoDL_original
DCO,LLO,QHS2_QH170213_2,CoDL_original
DCO,LLO,QNF_QN170220,CoDL_original
DCO,LLO,QNS_QN170220,CoDL_original
DCO,LLO,RSS_RS170216,CoDL_original
DCO,LLO,S14_S_14,CoDL_original
DCO,LLO,S33_S_33,CoDL_original
DCO,LLO,SIS_SI170217,CoDL_original
DCO,LLO,SLF_SL170214,CoDL_original
DCO,LLO,SLS_SL170214_S,CoDL_original
DCO,LLO,STS_ST170223,CoDL_original
DCO,LLO,TCF_TC170221,CoDL_original
DCO,LLO,TCS_TC170221_2,CoDL_original
DCO,LLO,VCS_VC170218,CoDL_original
DCO,LOIH,J2_672_BM1_B12345,CoDL_original
DCO,LOIH,J2_674_Scoop_2,CoDL_original
DCO,LOIH,J672black,CoDL_original
DCO,LOIH,J672yellow,CoDL_original
DCO,LOIH,J674black,CoDL_original
DCO,LOIH,J675red2black2_B,CoDL_original
DCO,LOIH,J675red2black2,CoDL_original
DCO,LOIH,J675yellow,CoDL_original
DCO,LOIH,J676black,CoDL_original
DCO,LOIH,J676red,CoDL_original
DCO,LZA,AHS_11,CoDL_original
DCO,LZA,AHS_12,CoDL_original
DCO,LZA,AHS_13,CoDL_original
DCO,LZA,AHS_14,CoDL_original
DCO,LZA,AHS_19,CoDL_original
DCO,LZA,AHS_20,CoDL_original
DCO,LZA,AHS_21,CoDL_original
DCO,LZA,AHS_4,CoDL_original
DCO,LZA,AHS_5,CoDL_original
DCO,LZA,AHS_6,CoDL_original
DCO,LZA,AHS_8,CoDL_original
DCO,LZA,AHS_9,CoDL_original
DCO,MAR,10A,CoDL_original
DCO,MAR,7A,CoDL_original
DCO,MAR,7B,CoDL_original
DCO,MAR,8A,CoDL_original
DCO,MAR,8B,CoDL_original
DCO,MAR,9A,CoDL_original
DCO,ONS,A_BE326FW010813_cap,CoDL_original
DCO,ONS,A_BE326FW080813_cap,CoDL_original
DCO,ONS,A_BE326FW150813_cap,CoDL_original
DCO,ONS,A_BE326FW150813MF,CoDL_original
DCO,ONS,A_BE326FW250111,CoDL_original
DCO,ONS,A_BE326FW270712,CoDL_original
DCO,ONS,A_DR5IPC280513,CoDL_original
DCO,ONS,A_DR5IPC280711,CoDL_original
DCO,ONS,B_BE326FW010813_cap_2,CoDL_original
DCO,ONS,B_BE326FW010813_cap,CoDL_original
DCO,ONS,B_BE326FW080813_cap_2,CoDL_original
DCO,ONS,B_BE326FW080813_cap,CoDL_original
DCO,ONS,B_BE326FW150813_cap_2,CoDL_original
DCO,ONS,B_BE326FW150813_cap,CoDL_original
DCO,ONS,B_BE326FW150813_MF_2,CoDL_original
DCO,ONS,B_BE326FW150813_MF,CoDL_original
DCO,ONS,B_BE326FW250111,CoDL_original
DCO,ONS,B_BE326FW270712,CoDL_original
DCO,ONS,B_DR5IPC280513,CoDL_original
DCO,ONS,B_DR5IPC280711,CoDL_original
DCO,PIN,A1,CoDL_original
DCO,PIN,A2,CoDL_original
DCO,PIN,A3,CoDL_original
DCO,PIN,A4,CoDL_original
DCO,PIN,A5,CoDL_original
DCO,PIN,B1,CoDL_original
DCO,PIN,B2,CoDL_original
DCO,PIN,B3,CoDL_original
DCO,PIN,B4,CoDL_original
DCO,PIN,B5,CoDL_original
DCO,PIN,B6,CoDL_original
DCO,PIN,BL_Control,CoDL_original
DCO,PIN,U7,CoDL_original
DCO,PUR,OTA_3_DNA_A,CoDL_original
DCO,PUR,OTA_4_DNA_A,CoDL_original
DCO,PUR,OTA_5_DNA_A,CoDL_original
DCO,PUR,OTA_DNA_extrctrl_1,CoDL_original
DCO,QUE,69_FE_1_ATM10,CoDL_original
DCO,QUE,69_FE_ATM10_1,CoDL_original
DCO,QUE,70B_P_F1_1,CoDL_original
DCO,QUE,70B_P_F1_2,CoDL_original
DCO,QUE,70B_P_FE_1,CoDL_original
DCO,QUE,70B_P_MET2_1,CoDL_original
DCO,QUE,70B_P_MET2_2,CoDL_original
DCO,QUE,70O_F1_ATM10,CoDL_original
DCO,QUE,70O_FE_2_ATM10,CoDL_original
DCO,QUE,70O_P_F1_1,CoDL_original
DCO,QUE,70O_P_F1_2,CoDL_original
DCO,QUE,70O_P_FE_1,CoDL_original
DCO,QUE,70O_P_MET2_1,CoDL_original
DCO,QUE,70O_P_MET2_2,CoDL_original
DCO,QUE,72_F1_2_ATM10,CoDL_original
DCO,RUF1,AT_4862_8,CoDL_original
DCO,RUF1,GB_Enr_10,CoDL_original
DCO,RUF1,GB_Enr_11,CoDL_original
DCO,RUF1,GB_Enr_13,CoDL_original
DCO,RUF1,GB_Enr_15,CoDL_original
DCO,RUF1,GB_Enr_17,CoDL_original
DCO,RUF1,GB_Enr_2,CoDL_original
DCO,RUF1,GB_Enr_24,CoDL_original
DCO,RUF1,GB_Enr_25,CoDL_original
DCO,RUF1,GB_Enr_28,CoDL_original
DCO,RUF1,GB_Enr_30,CoDL_original
DCO,RUF1,GB_Enr_54,CoDL_original
DCO,RUF1,GB_Enr_8,CoDL_original
DCO,RUF2,RR_Ref_1,CoDL_original
DCO,RUF2,RR1_M,CoDL_original
DCO,RUF2,RR1_S,CoDL_original
DCO,RUF2,RR2_D,CoDL_original
DCO,RUF2,TOR_Ref_1,CoDL_original
DCO,RUF2,TOR1_D,CoDL_original
DCO,RUF2,TOR1_S,CoDL_original
DCO,RUS,4_D,CoDL_original
DCO,RUS,6_D,CoDL_original
DCO,RUS,6_H,CoDL_original
DCO,RUS,8_D,CoDL_original
DCO,RUS,Blank_1,CoDL_original
DCO,RUS,Blank_2,CoDL_original
DCO,RUS,O_12,CoDL_original
DCO,RUS,O_3,CoDL_original
DCO,SAR,C1_AA_1,CoDL_original
DCO,SAR,C1_AM_1,CoDL_original
DCO,SAR,C1_IR_1,CoDL_original
DCO,SAR,C1_NR_1,CoDL_original
DCO,SAR,C1_SR_1,CoDL_original
DCO,SAR,C2_AA_1,CoDL_original
DCO,SAR,C2_AM_1,CoDL_original
DCO,SAR,C2_IR_1,CoDL_original
DCO,SAR,C2_NR_1,CoDL_original
DCO,SAR,C2_SR_1,CoDL_original
DCO,SAR,RC_1,CoDL_original
DCO,SHER,Kidd_Creek_SW_2015,CoDL_original
DCO,SWIR,RS_644_12A1,CoDL_original
DCO,SWIR,RS_644_12A2,CoDL_original
DCO,SWIR,RS_644_12B1,CoDL_original
DCO,SWIR,RS_644_12B2,CoDL_original
DCO,SWIR,RS_644_24B1,CoDL_original
DCO,SWIR,RS_644_24B2,CoDL_original
DCO,SWIR,RS_644_25A1,CoDL_original
DCO,SWIR,RS_644_25A2,CoDL_original
DCO,SWIR,RS_644_25B1,CoDL_original
DCO,SWIR,RS_644_25B2,CoDL_original
DCO,SWIR,RS_644_28A1,CoDL_original
DCO,SWIR,RS_644_28A2,CoDL_original
DCO,SWIR,RS_644_28B1,CoDL_original
DCO,SWIR,RS_644_28B2,CoDL_original
DCO,SWIR,RS_649_20B1,CoDL_original
DCO,SWIR,RS_649_20B2,CoDL_original
DCO,SWIR,RS_649_24A1,CoDL_original
DCO,SWIR,RS_649_24A2,CoDL_original
DCO,SWIR,RS_649_24B1,CoDL_original
DCO,SWIR,RS_649_24B2,CoDL_original
DCO,TAS,S1_10,CoDL_original
DCO,TAS,S1_30,CoDL_original
DCO,TAS,S2_10,CoDL_original
DCO,TAS,S2_30,CoDL_original
DCO,TAS,S3_10,CoDL_original
DCO,TAS,S3_30,CoDL_original
DCO,TAS,S4_10,CoDL_original
DCO,TAS,S4_30,CoDL_original
DCO,TAS,S5_10,CoDL_original
DCO,TAS,S5_30,CoDL_original
DCO,TAS,S6,CoDL_original
DCO,TAS,S7,CoDL_original
DCO,TASP,P_3,CoDL_original
DCO,TASP,P_6,CoDL_original
DCO,TASP,P_7,CoDL_original
DCO,TASP,P_8,CoDL_original
DCO,TASP,P_9,CoDL_original
DCO,TASP,P02,CoDL_original
DCO,TASP,P03,CoDL_original
DCO,TASP,P04,CoDL_original
DCO,TASP,P05,CoDL_original
DCO,TASP,P10,CoDL_original
DCO,TASP,P11,CoDL_original
DCO,TASP,P11W,CoDL_original
DCO,TASP,P36,CoDL_original
DCO,TASP,P46,CoDL_original
DCO,TASP,P56,CoDL_original
DCO,TIA2,A301GC,CoDL_original
DCO,TIA2,A301MO,CoDL_original
DCO,TIA2,A302MO,CoDL_original
DCO,TIA2,A303GC,CoDL_original
DCO,TIA2,A501GC,CoDL_original
DCO,TIA2,A501MO,CoDL_original
DCO,TIA2,A502GCA,CoDL_original
DCO,TIA2,A502GCB,CoDL_original
DCO,TIA2,A502MO,CoDL_original
DCO,TIA2,A502MOB,CoDL_original
DCO,WOY,170123GSB2,CoDL_original
DCO,WOY,170123GSC1FL,CoDL_original
DCO,WOY,170124PF1,CoDL_original
DCO,WOY,170124PF1FL,CoDL_original
DCO,WOY,170126ML1,CoDL_original
DCO,WOY,170126ML1FL,CoDL_original
DCO,WOY,170127CC1,CoDL_original
DCO,WOY,170127ML2L,CoDL_original
DCO,WOY,170127ML2U,CoDL_original
DCO,WOY,170127ML2UFL,CoDL_original
HA,DZIA,C4_114cm,CoDL_original
HA,DZIA,C4_130cm,CoDL_original
HA,DZIA,C4_151cm,CoDL_original
HA,DZIA,C4_170cm,CoDL_original
HA,DZIA,C4_17cm,CoDL_original
HA,DZIA,C4_3cm,CoDL_original
HA,DZIA,C4_47cm,CoDL_original
HA,DZIA,C4_67cm,CoDL_original
HA,DZIA,C4_87cm,CoDL_original
HA,DZIA,Control1,CoDL_original
HA,DZIA,Control2,CoDL_original
MLC,MMC,ML_MG1a,CoDL_original
MLC,MMC,ML_MG1b,CoDL_original
MLC,MMC,ML_MG2a,CoDL_original
MLC,MMC,ML_MG2b,CoDL_original
MLC,MMC,ML_MG3a,CoDL_original
MLC,MMC,ML_MG3b,CoDL_original
MLC,MMC,ML_MG4a,CoDL_original
MLC,MMC,ML_MG4b,CoDL_original
MLC,MMC,ML_MG5,CoDL_original
MLC,MMC,ML_MG6,CoDL_original
MLC,MMC,MRA_1,CoDL_original
MLC,MMC,MRA_10a,CoDL_original
MLC,MMC,MRA_10b,CoDL_original
MLC,MMC,MRA_11,CoDL_original
MLC,MMC,MRA_12,CoDL_original
MLC,MMC,MRA_2,CoDL_original
MLC,MMC,MRA_3,CoDL_original
MLC,MMC,MRA_4,CoDL_original
MLC,MMC,MRA_5a,CoDL_original
MLC,MMC,MRA_5b,CoDL_original
MLC,MMC,MRA_6,CoDL_original
MLC,MMC,MRA_7,CoDL_original
MLC,MMC,MRA_8,CoDL_original
MLC,MMC,MRA_9,CoDL_original
MOS,VOLC,1350innerT0_Arch,CoDL_original
MOS,VOLC,1351holeT0_Bac,CoDL_original
MOS,VOLC,1352rockIS_Bac,CoDL_original
MOS,VOLC,1352rockNP_Bac,CoDL_original
MOS,VOLC,1353rockT0_Bac,CoDL_original
MOS,VOLC,1354sfcIS_Arch,CoDL_original
MOS,VOLC,1354sfcIS_Bac,CoDL_original
MOS,VOLC,1356yellowT0_Bac,CoDL_original
MOS,VOLC,F_AT_Arch,CoDL_original
MOS,VOLC,F_AT_Bac,CoDL_original
MOS,VOLC,FG3_Bac,CoDL_original
MOS,VOLC,FR507A_Bac,CoDL_original
MOS,VOLC,FR507B_Bac,CoDL_original
MOS,VOLC,MCR_1350_inside_NP,CoDL_original
MOS,VOLC,MCR_1350_inside_T0,CoDL_original
MOS,VOLC,MCR_1350_outside_IS,CoDL_original
MOS,VOLC,MCR_1351_hole_IS,CoDL_original
MOS,VOLC,MCR_1351_hole_T0,CoDL_original
MOS,VOLC,MCR_1351_hotter_T0,CoDL_original
MOS,VOLC,MCR_1352_rock_IS,CoDL_original
MOS,VOLC,MCR_1352_rock_NP,CoDL_original
MOS,VOLC,MCR_1352_rock_T0,CoDL_original
MOS,VOLC,MCR_1353_gravel_NP,CoDL_original
MOS,VOLC,MCR_1353_gravel_T0,CoDL_original
MOS,VOLC,MCR_1353_rock_NP,CoDL_original
MOS,VOLC,MCR_1353_rock_T0,CoDL_original
MOS,VOLC,MCR_1353_VonDamm_IS,CoDL_original
MOS,VOLC,MCR_1354_red_IS,CoDL_original
MOS,VOLC,MCR_1354_RED,CoDL_original
MOS,VOLC,MCR_1354_red_T0,CoDL_original
MOS,VOLC,MCR_1354_SFC,CoDL_original
MOS,VOLC,MCR_1354_sfc_T0,CoDL_original
MOS,VOLC,MCR_1355_AF_IS,CoDL_original
MOS,VOLC,MCR_1355_AF_NP,CoDL_original
MOS,VOLC,MCR_1355_inner_T0,CoDL_original
MOS,VOLC,MCR_1355_red_T0,CoDL_original
MOS,VOLC,MCR_1356_black_T0,CoDL_original
MOS,VOLC,MCR_1356_hole_IS,CoDL_original
MOS,VOLC,MCR_1356_hole_NP,CoDL_original
MOS,VOLC,MCR_1356_lowT_IS,CoDL_original
MOS,VOLC,MCR_1356_LowT_NP,CoDL_original
MOS,VOLC,MCR_1356_yellow_T0,CoDL_original
MOS,VOLC,Sulfide_VC01_Av4v5,CoDL_original
MOS,VOLC,Sulfide_VC02_Av4v5,CoDL_original
MOS,VOLC,Sulfide_VC07_Av4v5,CoDL_original
MOS,VOLC,Sulfide_VC08_Av4v5,CoDL_original
MOS,VOLC,Sulfide_VC09_Av4v5,CoDL_original
MOS,VOLC,Sulfide_VC10_Av4v5,CoDL_original
MOS,VOLC,Sulfide_VC16,CoDL_original
MOS,VOLC,Sulfide_VC19,CoDL_original
MOS,VOLC,Sulfide_VC20,CoDL_original
MOS,VOLC,Sulfide_VC22,CoDL_original
MOS,VOLC,T7272A_Bac,CoDL_original
DCO,BOM,1039_Itavaara_OL_KR6_422m_1,CoDL_resequenced
DCO,BOM,1040_Itavaara_OL_KR29_801m_1,CoDL_resequenced
DCO,BOM,301_Itavaara_OL_KR9_564m_1,CoDL_resequenced
DCO,BOM,303_Itavaara_OL_KR9_468m_1,CoDL_resequenced
DCO,BOM,437_Itavaara_OL_KR5_457m_1,CoDL_resequenced
DCO,BOM,449_Itavaara_OL_KR44_775m_1,CoDL_resequenced
DCO,BOM,982_Itavaara_OL_KR49_532m_1,CoDL_resequenced
DCO,BOM,983_Itavaara_OL_KR23_424m_1,CoDL_resequenced
DCO,BOM,994_Itavaara_OL_KR1_609m_1,CoDL_resequenced
DCO,BOM,995_Itavaara_OL_KR2_596m_1,CoDL_resequenced
DCO,BOM,996_Itavaara_OL_KR13_360m_1,CoDL_resequenced
DCO,BRA,IODP_331_Site_C14B_1_1_1,CoDL_resequenced
DCO,BRA,IODP_331_Site_C14D_1_1_1,CoDL_resequenced
DCO,BRA,IODP_331_Site_C14D_1_3_1,CoDL_resequenced
DCO,BRA,IODP_331_Site_C14D_1_4_1,CoDL_resequenced
DCO,BRA,IODP_331_Site_C14D_2_3_1,CoDL_resequenced
DCO,BRG,Site17A_447mbsf_1,CoDL_resequenced
DCO,GRA,920W2_1,CoDL_resequenced
DCO,GRA,932W3_1,CoDL_resequenced
DCO,GRA,942W14_1,CoDL_resequenced
DCO,GRA,944W11_1,CoDL_resequenced
DCO,GRA,951W11_1,CoDL_resequenced
DCO,GRA,966W2_1,CoDL_resequenced
DCO,HIN,BS_15105_2_147_167_1,CoDL_resequenced
DCO,HIN,BS_15105_2_390_405_1,CoDL_resequenced
DCO,HIN,BS_15105_2_420_435_1,CoDL_resequenced
DCO,HIN,EM_15103_2_21_34_1,CoDL_resequenced
DCO,HIN,EM_15103_2_220_240_1,CoDL_resequenced
DCO,HIN,EM_15103_2_435_455_1,CoDL_resequenced
DCO,HIN,EM_15103_2_435_455_1,CoDL_resequenced
DCO,LAV,Wallula_2009_213_1,CoDL_resequenced
DCO,LAV,Wallula_2011_34_1,CoDL_resequenced
DCO,LIN,TWNCO2_12_2056m_1,CoDL_resequenced
DCO,LIN,TWNCO2_13_2108m_1,CoDL_resequenced
DCO,LIN,TWNCO2_14_2172m_1,CoDL_resequenced
DCO,LIN,TWNCO2_15_2224m_1,CoDL_resequenced
DCO,LIN,TWNCO2_16_2273m_1,CoDL_resequenced
DCO,LIN,TWNCO2_17_2325m_1,CoDL_resequenced
DCO,LIN,TWNCO2_18_2397m_1,CoDL_resequenced
DCO,LIN,TWNCO2_20_2465m_1,CoDL_resequenced
DCO,LIN,TWNCO2_22_2547m_1,CoDL_resequenced
DCO,LIN,TWNCO2_9_1909m_1,CoDL_resequenced
DCO,MAC,LD09_2_3_1,CoDL_resequenced
DCO,MAC,LI09_3_1,CoDL_resequenced
DCO,MAC,LI09_4_1,CoDL_resequenced
DCO,MAC,LI09_5_1,CoDL_resequenced
DCO,MAC,LI13_2_1,CoDL_resequenced
DCO,MAC,LO13_2_1,CoDL_resequenced
DCO,MAC,LO13_8_1,CoDL_resequenced
DCO,MAC,LV13_5_1,CoDL_resequenced
DCO,MOS,Bilby_DNA2_280312_1,CoDL_resequenced
DCO,MOS,BLM_1A_1,CoDL_resequenced
DCO,MOS,BLM_1B_1,CoDL_resequenced
DCO,MOS,ER_EC_11_1,CoDL_resequenced
DCO,MOS,KC_1_12_10_SW2_1,CoDL_resequenced
DCO,MOS,KC_7850_SWA_1,CoDL_resequenced
DCO,MOS,KC_BH1A_MF_1,CoDL_resequenced
DCO,MOS,KC_L7850_B_MF_1,CoDL_resequenced
DCO,MOS,Nevares_DW2A_1,CoDL_resequenced
DCO,MOS,Nevares_DW2B_1,CoDL_resequenced
DCO,MOS,U12N_10_tunnel_1,CoDL_resequenced
DCO,ORC,4H_1_1,CoDL_resequenced
DCO,ORC,4H_3_upper_1,CoDL_resequenced
DCO,ORC,IODP_X336_U1383C_30R_1,CoDL_resequenced
DCO,ORC,IODP_X336_U1383D_5H4_1,CoDL_resequenced
DCO,ORC,JdF16R2_1,CoDL_resequenced
DCO,ORC,JdF21R1A_1,CoDL_resequenced
DCO,ORC,JdF21R1B_1,CoDL_resequenced
DCO,ORC,JdF4H2_1,CoDL_resequenced
DCO,ORC,JdF4HCC_1,CoDL_resequenced
DCO,ORC,JdF5X1_1,CoDL_resequenced
DCO,ORC,JdF6XCC_1,CoDL_resequenced
DCO,ORC,JdF8X2_1,CoDL_resequenced
DCO,ORC,JdF8X5_1,CoDL_resequenced
DCO,ORC,JdFback_1,CoDL_resequenced
DCO,PED,KA2198A_Prov_1_1,CoDL_resequenced
DCO,PED,KA3110A_2_1,CoDL_resequenced
DCO,PED,KA3385A_2_1,CoDL_resequenced
DCO,PED,KA3510A_Prov_1_1,CoDL_resequenced
DCO,PED,KF0069A01_2_1,CoDL_resequenced
DCO,PED,KJ0052F01_100L_1,CoDL_resequenced
DCO,PED,ONK_KR15_1,CoDL_resequenced
DCO,PED,ONK_KR15_2_1,CoDL_resequenced
DCO,PED,ONK_PVA06_2_1,CoDL_resequenced
DCO,PED,ONK_PVA1_1,CoDL_resequenced
DCO,PED,ONK_PVA10_1,CoDL_resequenced
DCO,PED,ONK_PVA3_1,CoDL_resequenced
DCO,PED,ONK_PVA5_1,CoDL_resequenced
DCO,PED,ONK_PVA6_1,CoDL_resequenced
DCO,PED,SURE2_C1_3_1_cell2_1,CoDL_resequenced
DCO,PED,SURE2_P7_S1_1,CoDL_resequenced
DCO,PED,SURE2_P7_S2_1,CoDL_resequenced
DCO,PED,SURE2_P7_S3_1,CoDL_resequenced
DCO,PPA,1301A_1a_1,CoDL_resequenced
DCO,PPA,1301A_1b_1,CoDL_resequenced
DCO,PPA,1301A_1c_1,CoDL_resequenced
DCO,PPA,1301A_1d_1,CoDL_resequenced
DCO,PPA,1301A_3a_1,CoDL_resequenced
DCO,PPA,1301A_3b_1,CoDL_resequenced
DCO,PPA,1301A_3c_1,CoDL_resequenced
DCO,PPA,1301A_3d_1,CoDL_resequenced
DCO,SYL,1374_20R_Bac_1,CoDL_resequenced
DCO,SYL,1374_27R_Bac_1,CoDL_resequenced
DCO,SYL,1374_31R_Bac_1,CoDL_resequenced
DCO,SYL,1374_38R_Bac_1,CoDL_resequenced
DCO,SYL,1374_68R_Bac_1,CoDL_resequenced
DCO,SYL,1374_8R_Bac_1,CoDL_resequenced
DCO,SYL,1376_04R_Bac_1,CoDL_resequenced
DCO,TCO,BE326FW250111BH2_1,CoDL_resequenced
DCO,TCO,BE326FW270712BH2_1,CoDL_resequenced
DCO,TCO,DR5IPCFW280711_1,CoDL_resequenced
DCO,TCO,FI88FW031012_1,CoDL_resequenced
DCO,TCO,MM51940FW200712_1,CoDL_resequenced
DCO,TCO,NO14FW130912_1,CoDL_resequenced
DCO,TCO,TT109FW060312BH2_1,CoDL_resequenced
BBO,IGM,G1_1,Non-CoDL_outgroup
BBO,IGM,G1_2,Non-CoDL_outgroup
BBO,IGM,G1_3,Non-CoDL_outgroup
BBO,IGM,G2_1,Non-CoDL_outgroup
BBO,IGM,G2_2,Non-CoDL_outgroup
BBO,IGM,G2_3,Non-CoDL_outgroup
BBO,IGM,G3_1,Non-CoDL_outgroup
BBO,IGM,G3_2,Non-CoDL_outgroup
BBO,IGM,G3_3,Non-CoDL_outgroup
BBO,IGM,G4_1,Non-CoDL_outgroup
BBO,IGM,G4_2,Non-CoDL_outgroup
BBO,IGM,G4_3,Non-CoDL_outgroup
BBO,IGM,G5_1,Non-CoDL_outgroup
BBO,IGM,G5_2,Non-CoDL_outgroup
BBO,IGM,G5_3,Non-CoDL_outgroup
BBO,IGM,G6_1,Non-CoDL_outgroup
BBO,IGM,G6_2,Non-CoDL_outgroup
BBO,IGM,G6_3,Non-CoDL_outgroup
BBO,IGM,R1_1,Non-CoDL_outgroup
BBO,IGM,R1_2,Non-CoDL_outgroup
BBO,IGM,R1_3,Non-CoDL_outgroup
BBO,IGM,R2_1,Non-CoDL_outgroup
BBO,IGM,R2_2,Non-CoDL_outgroup
BBO,IGM,R2_3,Non-CoDL_outgroup
BBO,IGM,R3_1,Non-CoDL_outgroup
BBO,IGM,R3_2,Non-CoDL_outgroup
BBO,IGM,R3_3,Non-CoDL_outgroup
BBO,IGM,R4_1,Non-CoDL_outgroup
BBO,IGM,R4_2,Non-CoDL_outgroup
BBO,IGM,R4_3,Non-CoDL_outgroup
BBO,IGM,R5_1,Non-CoDL_outgroup
BBO,IGM,R5_2,Non-CoDL_outgroup
BBO,IGM,R5_3,Non-CoDL_outgroup
BBO,IGM,R6_1,Non-CoDL_outgroup
BBO,IGM,R6_2,Non-CoDL_outgroup
BBO,IGM,R6_3,Non-CoDL_outgroup
ETR,MBA,FS927_SIMSTP18Ace,Non-CoDL_outgroup
ETR,MBA,FS927_SIMSTP18Bicarb,Non-CoDL_outgroup
ETR,MBA,FS927_SIMSTP18NoLabel,Non-CoDL_outgroup
ETR,MBA,FS927_SIMSTP9Ace,Non-CoDL_outgroup
ETR,MBA,FS927_SIMSTP9Bicarb,Non-CoDL_outgroup
ETR,MBA,FS927_SIMSTP9JustDeut,Non-CoDL_outgroup
JAH,MBA,FS921,Non-CoDL_outgroup
JAH,MBA,FS923,Non-CoDL_outgroup
JAH,MBA,FS924,Non-CoDL_outgroup
JAH,MBA,FS925,Non-CoDL_outgroup
JAH,MBA,FS926,Non-CoDL_outgroup
JAH,MBA,FS927,Non-CoDL_outgroup
JAH,MBA,FS929,Non-CoDL_outgroup
JAH,MBA,V16A_01_Btl17,Non-CoDL_outgroup
JAH,MBA,V16A_01_Btl23,Non-CoDL_outgroup
JAH,MBA2,FS922_F,Non-CoDL_outgroup
JAH,MBA2,FS922,Non-CoDL_outgroup
JAH,SRB,JAH_SRB_20130619_raw_fastq.tar.gz,Non-CoDL_outgroup
JAH,SRB,JAH_SRB_20131023_raw_fastq.tar.gz,Non-CoDL_outgroup
JAH,TRP,AB_AB_1,Non-CoDL_outgroup
JAH,TRP,AB_AB_2,Non-CoDL_outgroup
JAH,TRP,AB_AB_3,Non-CoDL_outgroup
JAH,TRP,AB_JR_1,Non-CoDL_outgroup
JAH,TRP,AB_JR_2,Non-CoDL_outgroup
JAH,TRP,AB_JR_3,Non-CoDL_outgroup
JAH,TRP,AB_P_1,Non-CoDL_outgroup
JAH,TRP,AB_P_2,Non-CoDL_outgroup
JAH,TRP,AB_P_3,Non-CoDL_outgroup
JAH,TRP,AB_PI_1,Non-CoDL_outgroup
JAH,TRP,AB_PI_2,Non-CoDL_outgroup
JAH,TRP,AB_PI_3,Non-CoDL_outgroup
JAH,TRP,AB_RC_1,Non-CoDL_outgroup
JAH,TRP,AB_RC_2,Non-CoDL_outgroup
JAH,TRP,AB_RC_3,Non-CoDL_outgroup
JAH,TRP,AB_WB_1,Non-CoDL_outgroup
JAH,TRP,AB_WB_2,Non-CoDL_outgroup
JAH,TRP,AB_WB_3,Non-CoDL_outgroup
JAH,TRP,JR_AB_1,Non-CoDL_outgroup
JAH,TRP,JR_AB_2,Non-CoDL_outgroup
JAH,TRP,JR_AB_3,Non-CoDL_outgroup
JAH,TRP,JR_JR_1,Non-CoDL_outgroup
JAH,TRP,JR_JR_2,Non-CoDL_outgroup
JAH,TRP,JR_JR_3,Non-CoDL_outgroup
JAH,TRP,JR_P_1,Non-CoDL_outgroup
JAH,TRP,JR_P_2,Non-CoDL_outgroup
JAH,TRP,JR_P_3,Non-CoDL_outgroup
JAH,TRP,JR_PI_1,Non-CoDL_outgroup
JAH,TRP,JR_PI_2,Non-CoDL_outgroup
JAH,TRP,JR_PI_3,Non-CoDL_outgroup
JAH,TRP,JR_RC_1,Non-CoDL_outgroup
JAH,TRP,JR_RC_2,Non-CoDL_outgroup
JAH,TRP,JR_RC_3,Non-CoDL_outgroup
JAH,TRP,JR_WB_1,Non-CoDL_outgroup
JAH,TRP,JR_WB_2,Non-CoDL_outgroup
JAH,TRP,JR_WB_3,Non-CoDL_outgroup
JAH,TRP,PI_AB_1,Non-CoDL_outgroup
JAH,TRP,PI_AB_2,Non-CoDL_outgroup
JAH,TRP,PI_AB_3,Non-CoDL_outgroup
JAH,TRP,PI_JR_1,Non-CoDL_outgroup
JAH,TRP,PI_JR_3,Non-CoDL_outgroup
JAH,TRP,PI_P_1,Non-CoDL_outgroup
JAH,TRP,PI_P_2,Non-CoDL_outgroup
JAH,TRP,PI_P_3,Non-CoDL_outgroup
JAH,TRP,PI_PI_1,Non-CoDL_outgroup
JAH,TRP,PI_PI_2,Non-CoDL_outgroup
JAH,TRP,PI_PI_3,Non-CoDL_outgroup
JAH,TRP,PI_RC_1,Non-CoDL_outgroup
JAH,TRP,PI_RC_2,Non-CoDL_outgroup
JAH,TRP,PI_RC_3,Non-CoDL_outgroup
JAH,TRP,PI_WB_1,Non-CoDL_outgroup
JAH,TRP,PI_WB_2,Non-CoDL_outgroup
JAH,TRP,PI_WB_3,Non-CoDL_outgroup
JAH,TRP,RC_AB_1,Non-CoDL_outgroup
JAH,TRP,RC_AB_2,Non-CoDL_outgroup
JAH,TRP,RC_AB_3,Non-CoDL_outgroup
JAH,TRP,RC_JR_1,Non-CoDL_outgroup
JAH,TRP,RC_JR_2,Non-CoDL_outgroup
JAH,TRP,RC_JR_3,Non-CoDL_outgroup
JAH,TRP,RC_P_1,Non-CoDL_outgroup
JAH,TRP,RC_P_2,Non-CoDL_outgroup
JAH,TRP,RC_P_3,Non-CoDL_outgroup
JAH,TRP,RC_PI_1,Non-CoDL_outgroup
JAH,TRP,RC_PI_2,Non-CoDL_outgroup
JAH,TRP,RC_PI_3,Non-CoDL_outgroup
JAH,TRP,RC_RC_1,Non-CoDL_outgroup
JAH,TRP,RC_RC_2,Non-CoDL_outgroup
JAH,TRP,RC_RC_3,Non-CoDL_outgroup
JAH,TRP,RC_WB_1,Non-CoDL_outgroup
JAH,TRP,RC_WB_2,Non-CoDL_outgroup
JAH,TRP,RC_WB_3,Non-CoDL_outgroup
JAH,TRP,WB_AB_1,Non-CoDL_outgroup
JAH,TRP,WB_AB_2,Non-CoDL_outgroup
JAH,TRP,WB_JR_1,Non-CoDL_outgroup
JAH,TRP,WB_JR_2,Non-CoDL_outgroup
JAH,TRP,WB_JR_3,Non-CoDL_outgroup
JAH,TRP,WB_P_1,Non-CoDL_outgroup
JAH,TRP,WB_P_2,Non-CoDL_outgroup
JAH,TRP,WB_P_3,Non-CoDL_outgroup
JAH,TRP,WB_PI_1,Non-CoDL_outgroup
JAH,TRP,WB_PI_2,Non-CoDL_outgroup
JAH,TRP,WB_PI_3,Non-CoDL_outgroup
JAH,TRP,WB_RC_1,Non-CoDL_outgroup
JAH,TRP,WB_RC_2,Non-CoDL_outgroup
JAH,TRP,WB_RC_3,Non-CoDL_outgroup
JAH,TRP,WB_WB_1,Non-CoDL_outgroup
JAH,TRP,WB_WB_2,Non-CoDL_outgroup
JAH,TRP,WB_WB_3,Non-CoDL_outgroup
JJR,GWB,GBAd19,Non-CoDL_outgroup
JJR,GWB,GBAd22,Non-CoDL_outgroup
JJR,GWB,GBAd25,Non-CoDL_outgroup
JJR,GWB,GBAd28,Non-CoDL_outgroup
JJR,GWB,GBAd31,Non-CoDL_outgroup
JJR,GWB,GBAd34,Non-CoDL_outgroup
JJR,GWB,GBd1b,Non-CoDL_outgroup
JJR,GWB,GBd1m,Non-CoDL_outgroup
JJR,GWB,GBd1t,Non-CoDL_outgroup
JJR,GWB,GBd2b,Non-CoDL_outgroup
JJR,GWB,GBd2m,Non-CoDL_outgroup
JJR,GWB,GBd2t,Non-CoDL_outgroup
JJR,GWB,GBd3m,Non-CoDL_outgroup
JJR,GWB,GBd3t,Non-CoDL_outgroup
JJR,GWB,GBe3b,Non-CoDL_outgroup
JJR,GWB,GBJd1,Non-CoDL_outgroup
JJR,GWB,GBJd10,Non-CoDL_outgroup
JJR,GWB,GBJd13,Non-CoDL_outgroup
JJR,GWB,GBJd16,Non-CoDL_outgroup
JJR,GWB,GBJd4,Non-CoDL_outgroup
JJR,GWB,GBJd7,Non-CoDL_outgroup
KIE,CCL,CS_SH_1,Non-CoDL_outgroup
KIE,CCL,CS_SH_2,Non-CoDL_outgroup
KIE,CCL,CS_SH_3_B,Non-CoDL_outgroup
KIE,CCL,CS_SH_4_B,Non-CoDL_outgroup
KIE,CCL,CS_SL_1,Non-CoDL_outgroup
KIE,CCL,CS_SL_2,Non-CoDL_outgroup
KIE,CCL,CS_SL_3_B,Non-CoDL_outgroup
KIE,CCL,CS_SL_4_B,Non-CoDL_outgroup
KIE,CCL,CS_SL_5,Non-CoDL_outgroup
KIE,CCL,CS_SM_1,Non-CoDL_outgroup
KIE,CCL,CS_SM_2,Non-CoDL_outgroup
KIE,CCL,CS_SM_3_B,Non-CoDL_outgroup
KIE,CCL,CS_SM_4_B,Non-CoDL_outgroup
KIE,CCL,CS_SM_5,Non-CoDL_outgroup
KIE,CCL,CS_SNG_1,Non-CoDL_outgroup
KIE,CCL,CS_SNG_2,Non-CoDL_outgroup
KIE,CCL,CS_SNG_3_B,Non-CoDL_outgroup
KIE,CCL,CS_SNG_4_B,Non-CoDL_outgroup
KIE,CCL,CS_SNG_5,Non-CoDL_outgroup
KIE,CCL,CSL_2,Non-CoDL_outgroup
KIE,CCL,CT_DH_1,Non-CoDL_outgroup
KIE,CCL,CT_DH_2,Non-CoDL_outgroup
KIE,CCL,CT_DH_3_B,Non-CoDL_outgroup
KIE,CCL,CT_DH_4_B,Non-CoDL_outgroup
KIE,CCL,CT_DH_5,Non-CoDL_outgroup
KIE,CCL,CT_DL_1,Non-CoDL_outgroup
KIE,CCL,CT_DL_2,Non-CoDL_outgroup
KIE,CCL,CT_DL_3_B,Non-CoDL_outgroup
KIE,CCL,CT_DL_4_B,Non-CoDL_outgroup
KIE,CCL,CT_DL_5,Non-CoDL_outgroup
KIE,CCL,CT_DM_1,Non-CoDL_outgroup
KIE,CCL,CT_DM_2,Non-CoDL_outgroup
KIE,CCL,CT_DM_3_B,Non-CoDL_outgroup
KIE,CCL,CT_DM_4_B,Non-CoDL_outgroup
KIE,CCL,CT_DM_5,Non-CoDL_outgroup
KIE,CCL,CT_DNG_1,Non-CoDL_outgroup
KIE,CCL,CT_DNG_2,Non-CoDL_outgroup
KIE,CCL,CT_DNG_3_B,Non-CoDL_outgroup
KIE,CCL,CT_DNG_4_B,Non-CoDL_outgroup
KIE,CCL,CT_DNG_5,Non-CoDL_outgroup
KIE,CCL,CT_PH_1,Non-CoDL_outgroup
KIE,CCL,CT_PH_2,Non-CoDL_outgroup
KIE,CCL,CT_PH_3_B,Non-CoDL_outgroup
KIE,CCL,CT_PH_4_B,Non-CoDL_outgroup
KIE,CCL,CT_PH_5,Non-CoDL_outgroup
KIE,CCL,CT_PL_1,Non-CoDL_outgroup
KIE,CCL,CT_PL_2,Non-CoDL_outgroup
KIE,CCL,CT_PL_3_B,Non-CoDL_outgroup
KIE,CCL,CT_PL_5,Non-CoDL_outgroup
KIE,CCL,CT_PM_1,Non-CoDL_outgroup
KIE,CCL,CT_PM_2,Non-CoDL_outgroup
KIE,CCL,CT_PM_3_B,Non-CoDL_outgroup
KIE,CCL,CT_PM_4_B,Non-CoDL_outgroup
KIE,CCL,CT_PM_5,Non-CoDL_outgroup
KIE,CCL,CT_PNG_1,Non-CoDL_outgroup
KIE,CCL,CT_PNG_2,Non-CoDL_outgroup
KIE,CCL,CT_PNG_3_B,Non-CoDL_outgroup
KIE,CCL,CT_PNG_5,Non-CoDL_outgroup
KIE,CCL,GA_SH_1,Non-CoDL_outgroup
KIE,CCL,GA_SH_2,Non-CoDL_outgroup
KIE,CCL,GA_SH_5,Non-CoDL_outgroup
KIE,CCL,GA_SL_1,Non-CoDL_outgroup
KIE,CCL,GA_SL_2,Non-CoDL_outgroup
KIE,CCL,GA_SL_5,Non-CoDL_outgroup
KIE,CCL,GA_SM_1,Non-CoDL_outgroup
KIE,CCL,GA_SM_2,Non-CoDL_outgroup
KIE,CCL,GA_SM_4_B,Non-CoDL_outgroup
KIE,CCL,GA_SM_5,Non-CoDL_outgroup
KIE,CCL,GA_SNG_1,Non-CoDL_outgroup
KIE,CCL,GA_SNG_2,Non-CoDL_outgroup
KIE,CCL,GA_SNG_5,Non-CoDL_outgroup
KIE,CCL,GD_DH_2,Non-CoDL_outgroup
KIE,CCL,GD_DH_3_B,Non-CoDL_outgroup
KIE,CCL,GD_DH_4_B,Non-CoDL_outgroup
KIE,CCL,GD_DH_5,Non-CoDL_outgroup
KIE,CCL,GD_DL_1,Non-CoDL_outgroup
KIE,CCL,GD_DL_2,Non-CoDL_outgroup
KIE,CCL,GD_DL_3_B,Non-CoDL_outgroup
KIE,CCL,GD_DL_4_B,Non-CoDL_outgroup
KIE,CCL,GD_DL_5,Non-CoDL_outgroup
KIE,CCL,GD_DM_1,Non-CoDL_outgroup
KIE,CCL,GD_DM_2,Non-CoDL_outgroup
KIE,CCL,GD_DM_3_B,Non-CoDL_outgroup
KIE,CCL,GD_DM_4_B,Non-CoDL_outgroup
KIE,CCL,GD_DM_5,Non-CoDL_outgroup
KIE,CCL,GD_DNG_2,Non-CoDL_outgroup
KIE,CCL,GD_DNG_3_B,Non-CoDL_outgroup
KIE,CCL,GD_DNG_5,Non-CoDL_outgroup
KIE,CCL,GD_NG_1,Non-CoDL_outgroup
KIE,CCL,GD_SH_1,Non-CoDL_outgroup
KIE,CCL,KC_2,Non-CoDL_outgroup
KIE,CCL,KC_5,Non-CoDL_outgroup
KIE,CCL,NA_4_B,Non-CoDL_outgroup
KIE,CCL,OL_NG_1,Non-CoDL_outgroup
KIE,CCL,OL_PH_1,Non-CoDL_outgroup
KIE,CCL,OL_PH_2,Non-CoDL_outgroup
KIE,CCL,OL_PH_3_B,Non-CoDL_outgroup
KIE,CCL,OL_PH_4_B,Non-CoDL_outgroup
KIE,CCL,OL_PH_5,Non-CoDL_outgroup
KIE,CCL,OL_PL_1,Non-CoDL_outgroup
KIE,CCL,OL_PL_2,Non-CoDL_outgroup
KIE,CCL,OL_PL_3_B,Non-CoDL_outgroup
KIE,CCL,OL_PL_4_B,Non-CoDL_outgroup
KIE,CCL,OL_PL_5,Non-CoDL_outgroup
KIE,CCL,OL_PM_1,Non-CoDL_outgroup
KIE,CCL,OL_PM_2,Non-CoDL_outgroup
KIE,CCL,OL_PM_3_B,Non-CoDL_outgroup
KIE,CCL,OL_PM_4_B,Non-CoDL_outgroup
KIE,CCL,OL_PM_5,Non-CoDL_outgroup
KIE,CCL,OL_PNG_2,Non-CoDL_outgroup
KIE,CCL,OL_PNG_3_B,Non-CoDL_outgroup
KIE,CCL,OL_PNG_4_B,Non-CoDL_outgroup
KIE,CCL,OL_PNG_5,Non-CoDL_outgroup
LAZ,PHB,WY1_19990723,Non-CoDL_outgroup
SBJ,BME,Dead_Sea_1,Non-CoDL_outgroup
SBJ,BME,Dead_Sea_2,Non-CoDL_outgroup
SBJ,BME,Lake_Fryxell_1,Non-CoDL_outgroup
SBJ,BME,Lake_Fryxell_2,Non-CoDL_outgroup
SBJ,BME,Lake_Fryxell_3,Non-CoDL_outgroup
SBJ,BME,Lake_Fryxell_4,Non-CoDL_outgroup
SBJ,BME,Lake_Vanda_1,Non-CoDL_outgroup
SBJ,BME,Lake_Vanda_2,Non-CoDL_outgroup
SBJ,CH4,AT26_13_BR_103,Non-CoDL_outgroup
SBJ,CH4,AT26_13_BR_104,Non-CoDL_outgroup
SBJ,CH4,AT26_13_BR_105,Non-CoDL_outgroup
SBJ,CH4,AT26_13_BR_107,Non-CoDL_outgroup
SBJ,CH4,AT26_13_BR_11,Non-CoDL_outgroup
SBJ,CH4,AT26_13_BR_14,Non-CoDL_outgroup
SBJ,CH4,AT26_13_BR_16,Non-CoDL_outgroup
SBJ,CH4,AT26_13_BR_18,Non-CoDL_outgroup
SBJ,CH4,AT26_13_BR_20,Non-CoDL_outgroup
SBJ,CH4,AT26_13_BR_23,Non-CoDL_outgroup
SBJ,CH4,AT26_13_BR_25,Non-CoDL_outgroup
SBJ,CH4,AT26_13_BR_26,Non-CoDL_outgroup
SBJ,CH4,AT26_13_BR_66,Non-CoDL_outgroup
SBJ,CH4,AT26_13_BR_68,Non-CoDL_outgroup
SBJ,CH4,AT26_13_BR_70,Non-CoDL_outgroup
SBJ,CH4,AT26_13_BR_71,Non-CoDL_outgroup
SBJ,CH4,AT26_13_BR_80,Non-CoDL_outgroup
SBJ,CH4,AT26_13_BR_82,Non-CoDL_outgroup
SBJ,CH4,AT26_13_BR_83,Non-CoDL_outgroup
SBJ,CH4,AT26_13_BR_86,Non-CoDL_outgroup
SBJ,CH4,AT26_13_WC_173,Non-CoDL_outgroup
SBJ,CH4,AT26_13_WC_175,Non-CoDL_outgroup
SBJ,CH4,AT26_13_WC_176,Non-CoDL_outgroup
SBJ,CH4,AT26_13_WC_178,Non-CoDL_outgroup
SBJ,CH4,AT26_13_WC_180,Non-CoDL_outgroup
SBJ,CH4,AT26_13_WC_182,Non-CoDL_outgroup
SBJ,CH4,AT26_13_WC_183,Non-CoDL_outgroup
SBJ,CH4,AT26_13_WC_185,Non-CoDL_outgroup
SBJ,CH4,AT26_13_WC_186,Non-CoDL_outgroup
SBJ,CH4,AT26_13_WC_188,Non-CoDL_outgroup
SBJ,CH4,AT26_13_WC_190,Non-CoDL_outgroup
SBJ,CH4,AT26_13_WC_192,Non-CoDL_outgroup
SBJ,CH4,Barrow_Ice_1,Non-CoDL_outgroup
SBJ,CH4,Barrow_Ice_5,Non-CoDL_outgroup
SBJ,CH4,Barrow_Ice_9,Non-CoDL_outgroup
SBJ,CH4,SYM_0,Non-CoDL_outgroup
SBJ,CH4,SYM_1,Non-CoDL_outgroup
SBJ,CH4,SYM_10,Non-CoDL_outgroup
SBJ,CH4,SYM_16,Non-CoDL_outgroup
SBJ,CH4,SYM_23,Non-CoDL_outgroup
SBJ,CH4,SYM_26,Non-CoDL_outgroup
SBJ,CH4,SYM_29,Non-CoDL_outgroup
SBJ,CH4,SYM_32,Non-CoDL_outgroup
SBJ,CH4,SYM_35,Non-CoDL_outgroup
SBJ,CH4,SYM_36,Non-CoDL_outgroup
SBJ,CH4,SYM_37,Non-CoDL_outgroup
SBJ,CH4,SYM_38,Non-CoDL_outgroup
SBJ,CH4,SYM_39,Non-CoDL_outgroup
SBJ,CH4,SYM_4,Non-CoDL_outgroup
SBJ,CH4,SYM_40,Non-CoDL_outgroup
SBJ,CH4,SYM_45,Non-CoDL_outgroup
SBJ,CH4,SYM_48,Non-CoDL_outgroup
SBJ,CH4,SYM_51,Non-CoDL_outgroup
SBJ,CH4,SYM_54,Non-CoDL_outgroup
SBJ,CH4,SYM_57,Non-CoDL_outgroup
SBJ,CH4,SYM_60,Non-CoDL_outgroup
SBJ,CH4,SYM_67,Non-CoDL_outgroup
SBJ,CH4,SYM_7,Non-CoDL_outgroup
SBJ,CH4,SYM_70,Non-CoDL_outgroup
SBJ,CH4,SYM_73,Non-CoDL_outgroup
SBJ,CH4,SYM_76,Non-CoDL_outgroup
SBJ,CH4,SYM_79,Non-CoDL_outgroup
SBJ,CH4,SYM_82,Non-CoDL_outgroup
SBJ,DO,BC_T0_1,Non-CoDL_outgroup
SBJ,DO,BC_T0_2,Non-CoDL_outgroup
SBJ,DO,BC_T0_3,Non-CoDL_outgroup
SBJ,DO,BC_T1_1,Non-CoDL_outgroup
SBJ,DO,BC_T1_2,Non-CoDL_outgroup
SBJ,DO,BC_T1_3,Non-CoDL_outgroup
SBJ,DO,BC_T2_1,Non-CoDL_outgroup
SBJ,DO,BC_T2_2,Non-CoDL_outgroup
SBJ,DO,BC_T2_3,Non-CoDL_outgroup
SBJ,DO,BC_T3_1,Non-CoDL_outgroup
SBJ,DO,BC_T3_2,Non-CoDL_outgroup
SBJ,DO,BC_T3_3,Non-CoDL_outgroup
SBJ,DO,BC_T4_1,Non-CoDL_outgroup
SBJ,DO,BC_T4_2,Non-CoDL_outgroup
SBJ,DO,BC_T4_3,Non-CoDL_outgroup
SBJ,DO,D_T0_1,Non-CoDL_outgroup
SBJ,DO,D_T0_2,Non-CoDL_outgroup
SBJ,DO,D_T0_3,Non-CoDL_outgroup
SBJ,DO,D_T1_1,Non-CoDL_outgroup
SBJ,DO,D_T1_2,Non-CoDL_outgroup
SBJ,DO,D_T1_3,Non-CoDL_outgroup
SBJ,DO,D_T2_1,Non-CoDL_outgroup
SBJ,DO,D_T2_2,Non-CoDL_outgroup
SBJ,DO,D_T2_3,Non-CoDL_outgroup
SBJ,DO,D_T3_1,Non-CoDL_outgroup
SBJ,DO,D_T3_2,Non-CoDL_outgroup
SBJ,DO,D_T3_3,Non-CoDL_outgroup
SBJ,DO,D_T4_1,Non-CoDL_outgroup
SBJ,DO,D_T4_2,Non-CoDL_outgroup
SBJ,DO,D_T4_3,Non-CoDL_outgroup
SBJ,DO,FIL_D_T2_2,Non-CoDL_outgroup
SBJ,DO,O_T0_1,Non-CoDL_outgroup
SBJ,DO,O_T0_2,Non-CoDL_outgroup
SBJ,DO,O_T0_3,Non-CoDL_outgroup
SBJ,DO,O_T1_1,Non-CoDL_outgroup
SBJ,DO,O_T1_2,Non-CoDL_outgroup
SBJ,DO,O_T1_3,Non-CoDL_outgroup
SBJ,DO,O_T2_1,Non-CoDL_outgroup
SBJ,DO,O_T2_2,Non-CoDL_outgroup
SBJ,DO,O_T2_3,Non-CoDL_outgroup
SBJ,DO,O_T3_1,Non-CoDL_outgroup
SBJ,DO,O_T3_2,Non-CoDL_outgroup
SBJ,DO,O_T3_3,Non-CoDL_outgroup
SBJ,DO,O_T4_1,Non-CoDL_outgroup
SBJ,DO,O_T4_2,Non-CoDL_outgroup
SBJ,DO,O_T4_3,Non-CoDL_outgroup
SBJ,DO,OD_T0_1,Non-CoDL_outgroup
SBJ,DO,OD_T0_2,Non-CoDL_outgroup
SBJ,DO,OD_T0_3,Non-CoDL_outgroup
SBJ,DO,OD_T1_1,Non-CoDL_outgroup
SBJ,DO,OD_T1_2,Non-CoDL_outgroup
SBJ,DO,OD_T1_3,Non-CoDL_outgroup
SBJ,DO,OD_T2_1,Non-CoDL_outgroup
SBJ,DO,OD_T2_2,Non-CoDL_outgroup
SBJ,DO,OD_T2_3,Non-CoDL_outgroup
SBJ,DO,OD_T3_1,Non-CoDL_outgroup
SBJ,DO,OD_T3_2,Non-CoDL_outgroup
SBJ,DO,OD_T3_3,Non-CoDL_outgroup
SBJ,DO,OD_T4_1,Non-CoDL_outgroup
SBJ,DO,OD_T4_2,Non-CoDL_outgroup
SBJ,DO,OD_T4_3,Non-CoDL_outgroup
SBJ,DO,ODN_T0_1,Non-CoDL_outgroup
SBJ,DO,ODN_T0_2,Non-CoDL_outgroup
SBJ,DO,ODN_T0_3,Non-CoDL_outgroup
SBJ,DO,ODN_T1_1,Non-CoDL_outgroup
SBJ,DO,ODN_T1_2,Non-CoDL_outgroup
SBJ,DO,ODN_T1_3,Non-CoDL_outgroup
SBJ,DO,ODN_T4_1,Non-CoDL_outgroup
SBJ,DO,ODN_T4_2,Non-CoDL_outgroup
SBJ,DO,ODN_T4_3,Non-CoDL_outgroup
SBJ,DO,SW_1,Non-CoDL_outgroup
SBJ,DO,SW_2,Non-CoDL_outgroup
SBJ,GOM,AT18_2_sed_126,Non-CoDL_outgroup
SBJ,GOM,AT18_2_sed_127,Non-CoDL_outgroup
SBJ,GOM,AT18_2_sed_129,Non-CoDL_outgroup
SBJ,GOM,AT18_2_sed_138,Non-CoDL_outgroup
SBJ,GOM,AT18_2_sed_139,Non-CoDL_outgroup
SBJ,GOM,AT18_2_sed_141_dup,Non-CoDL_outgroup
SBJ,GOM,AT18_2_sed_141,Non-CoDL_outgroup
SBJ,GOM,AT18_2_sed_194,Non-CoDL_outgroup
SBJ,GOM,AT18_2_sed_196,Non-CoDL_outgroup
SBJ,GOM,AT18_2_sed_236,Non-CoDL_outgroup
SBJ,GOM,AT18_2_sed_237,Non-CoDL_outgroup
SBJ,GOM,AT18_2_sed_241,Non-CoDL_outgroup
SBJ,GOM,AT18_2_sed_242,Non-CoDL_outgroup
SBJ,GOM,AT18_2_sed_245,Non-CoDL_outgroup
SBJ,GOM,AT18_2_sed_246,Non-CoDL_outgroup
SBJ,GOM,AT18_2_sed_247,Non-CoDL_outgroup
SBJ,GOM,EN527_WC90,Non-CoDL_outgroup
SBJ,GOM,EN527_WC92,Non-CoDL_outgroup
SBJ,GOM,Hydrate,Non-CoDL_outgroup
SBJ,GOM,PE1331_WC14_dup,Non-CoDL_outgroup
SBJ,GOM,PE1331_WC14,Non-CoDL_outgroup
SBJ,GOM,PE1331_WC21,Non-CoDL_outgroup
SBJ,GOM,PE1331_WC30,Non-CoDL_outgroup
SBJ,GOM,PE1331_WC33_dup,Non-CoDL_outgroup
SBJ,GOM,PE1331_WC33,Non-CoDL_outgroup
SLM,BIOF,BF0001A,Non-CoDL_outgroup
SLM,BIOF,BF0014A,Non-CoDL_outgroup
SLM,BIOF,BF0016A,Non-CoDL_outgroup
SLM,BIOF,BF0018A,Non-CoDL_outgroup
SLM,BIOF,BF0020A,Non-CoDL_outgroup
SLM,BIOF,BF0023A,Non-CoDL_outgroup
SLM,BIOF,BF0027A,Non-CoDL_outgroup
SLM,BIOF,BF0032A,Non-CoDL_outgroup
SLM,BIOF,BF0084,Non-CoDL_outgroup
SLM,BIOF,BF0085,Non-CoDL_outgroup
SLM,BIOF,BF0086,Non-CoDL_outgroup
SLM,BIOF,BF0097,Non-CoDL_outgroup
SLM,BIOF,BF0098,Non-CoDL_outgroup
SLM,BIOF,BF0099,Non-CoDL_outgroup
SLM,BIOF,LBF001,Non-CoDL_outgroup
SLM,BIOF,LBF002,Non-CoDL_outgroup
SLM,BIOF,LBF003,Non-CoDL_outgroup
SLM,BIOF,LBF004,Non-CoDL_outgroup
SLM,BIOF,LBF005,Non-CoDL_outgroup
SLM,BIOF,LBF006,Non-CoDL_outgroup
SLM,BIOF,LBF0114,Non-CoDL_outgroup
SLM,BIOF,LBF0115,Non-CoDL_outgroup
SLM,BIOF,LBF021,Non-CoDL_outgroup
SLM,BIOF,LBF022,Non-CoDL_outgroup
SLM,BIOF,LBF023,Non-CoDL_outgroup
SLM,BIOF,LBF024,Non-CoDL_outgroup
SLM,BIOF,LBF025,Non-CoDL_outgroup
SLM,BIOF,LBF044,Non-CoDL_outgroup
SLM,BIOF,LBF046,Non-CoDL_outgroup
SLM,BIOF,LBF047,Non-CoDL_outgroup
SLM,BIOF,LBF048,Non-CoDL_outgroup
SLM,BIOF,LBF049,Non-CoDL_outgroup
SLM,BIOF,LBF056,Non-CoDL_outgroup
SLM,BIOF,LBF057,Non-CoDL_outgroup
SLM,BIOF,LBF059,Non-CoDL_outgroup
SLM,BIOF,LBF060,Non-CoDL_outgroup
SLM,BIOF,LBF061,Non-CoDL_outgroup
SLM,BIOF,LBF086,Non-CoDL_outgroup
SLM,BIOF,LBF087,Non-CoDL_outgroup
SLM,BIOF,LBF088,Non-CoDL_outgroup
SLM,BIOF,LBF089,Non-CoDL_outgroup
SLM,BIOF,LBF090,Non-CoDL_outgroup
SLM,BIOF,LBF091,Non-CoDL_outgroup
SLM,BIOF,LBFInnoc,Non-CoDL_outgroup
SLM,BIOF,RA0036A,Non-CoDL_outgroup
SLM,BIOF,RA0037A,Non-CoDL_outgroup
SLM,BIOF,RA0047A,Non-CoDL_outgroup
SLM,BIOF,RA0049A,Non-CoDL_outgroup
SLM,BIOF,RA0076A,Non-CoDL_outgroup
SLM,BIOF,RA0110A,Non-CoDL_outgroup
SLM,BIOF,RA0166A,Non-CoDL_outgroup
SLM,BIOF,RAS1and2,Non-CoDL_outgroup
SLM,BIOF,RASS5and3,Non-CoDL_outgroup
SLM,GCB,103_4BayStL_1SubA_6_16_10,Non-CoDL_outgroup
SLM,GCB,104_4BayStL_2SubA_6_16_10,Non-CoDL_outgroup
SLM,GCB,106_4BayStL_1and2SubA_9_19_10,Non-CoDL_outgroup
SLM,GCB,107_4BayStL_1and2SubA_11_15_10,Non-CoDL_outgroup
SLM,GCB,108_B11_1and2SubA_8_10_10,Non-CoDL_outgroup
SLM,GCB,109_B11_1andSubA_9_19_10,Non-CoDL_outgroup
SLM,GCB,110_StA_1and2SubA_9_20_10,Non-CoDL_outgroup
SLM,GCB,111_OB_1and2SubA_8_8_10,Non-CoDL_outgroup
SLM,GCB,112_OB_1and2SubA_9_22_10,Non-CoDL_outgroup
SLM,GCB,113_FP_1and2SubA_8_8_10,Non-CoDL_outgroup
SLM,GCB,114_FP_1and2SubA_9_22_10,Non-CoDL_outgroup
SLM,GCB,115_Hend_1SubA_6_15_10,Non-CoDL_outgroup
SLM,GCB,116_Hend_2SubA_6_15_10,Non-CoDL_outgroup
SLM,GCB,117_Hend_1and2SubA_8_9_10,Non-CoDL_outgroup
SLM,GCB,118_Hend_1and2SubA_9_21_10,Non-CoDL_outgroup
SLM,GCB,119_FPPoint_1Core30_11_17_10,Non-CoDL_outgroup
SLM,GCB,120_FPPoint_1CoreOil_11_17_10,Non-CoDL_outgroup
SLM,GCB,121_B11_1_2SubA_11_16_10,Non-CoDL_outgroup
SLM,GCB,122_StA_1_2SubA_11_17_10,Non-CoDL_outgroup
SLM,GCB,123_OB_1_2SubA_11_18_10,Non-CoDL_outgroup
SLM,GCB,124_FP_1_2SubA_11_17_10,Non-CoDL_outgroup
SLM,GCB,125_Hend_1_2SubA_11_16_10,Non-CoDL_outgroup
SLM,GCB,126_StG_1_2SubA_9_20_10,Non-CoDL_outgroup
SLM,GCB,127_StG_1_2SubA_11_15_10,Non-CoDL_outgroup
SLM,GCB,128_4BayStL_2AH2O_6_16_10,Non-CoDL_outgroup
SLM,GCB,129_4BayStL_2AH2O_8_10_10,Non-CoDL_outgroup
SLM,GCB,130_4BayStL_2AH2O_9_19_10,Non-CoDL_outgroup
SLM,GCB,131_4BayStL_2AH2O_11_15_10,Non-CoDL_outgroup
SLM,GCB,132_StA_2AH2O_9_20_10,Non-CoDL_outgroup
SLM,GCB,135_B11_2AH2O_9_19_10,Non-CoDL_outgroup
SLM,GCB,136_B11_2AH2O_11_16_10,Non-CoDL_outgroup
SLM,GCB,137_OB_2AH2O_8_8_10,Non-CoDL_outgroup
SLM,GCB,138_OB_2AH2O_9_22_10,Non-CoDL_outgroup
SLM,GCB,139_OB_2AH2O_11_18_10,Non-CoDL_outgroup
SLM,GCB,140_FP_2AH2O_8_8_10,Non-CoDL_outgroup
SLM,GCB,141_FP_2AH2O_9_22_10,Non-CoDL_outgroup
SLM,GCB,142_FP_2AH2O_11_17_10,Non-CoDL_outgroup
SLM,GCB,145_Hend_2AH2O_9_21_10,Non-CoDL_outgroup
SLM,GCB,146_Hend_2AH2O_11_16_10,Non-CoDL_outgroup
SLM,GCB,147_StG_2AH2O_9_20_10,Non-CoDL_outgroup
SLM,GCB,148_StG_2AH2O_11_15_10,Non-CoDL_outgroup
SLM,GCB,149_FP_2Core15_11_17_10,Non-CoDL_outgroup
SLM,GCB,150_FP_2Core30_11_17_10,Non-CoDL_outgroup
SLM,GCB,151_FP_2CoreOil_11_17_10,Non-CoDL_outgroup
SLM,GCB,152_Hend_2Core15_11_16_10,Non-CoDL_outgroup
SLM,GCB,153_Hend_2Core30_11_16_10,Non-CoDL_outgroup
SLM,GCB,154_OB_2Core15_11_18_10,Non-CoDL_outgroup
SLM,GCB,155_OB_2Core30_11_18_10,Non-CoDL_outgroup
SLM,GCB,156_OB_2CoreOil_11_18_10,Non-CoDL_outgroup
SLM,GCB,157_B11_2Core15_11_16_10,Non-CoDL_outgroup
SLM,GCB,158_StG_2Core15_11_15_10,Non-CoDL_outgroup
SLM,GCB,159_StG_2Core30_11_15_10,Non-CoDL_outgroup
SLM,GCB,160_FPBAY_1BermA_B_11_17_10,Non-CoDL_outgroup
SLM,GCB,81_4BayStL_2BermA_6_16_10,Non-CoDL_outgroup
SLM,GCB,82_4BayStL_1_2BermA_8_10_10,Non-CoDL_outgroup
SLM,GCB,84_4BayStL_1_2BermA_11_15_10,Non-CoDL_outgroup
SLM,GCB,90_OB_1_2BermA_8_8_10,Non-CoDL_outgroup
SLM,GCB,91_OB_1_2BermA_9_22_10,Non-CoDL_outgroup
SLM,GCB,92_OB_1_2BermA_11_18_10,Non-CoDL_outgroup
SLM,GCB,93_FP_1_2BermA_8_8_10,Non-CoDL_outgroup
SLM,GCB,94_FP_1_2BermA_9_22_10,Non-CoDL_outgroup
SLM,GCB,95_FP_1_2BermA_11_17_10,Non-CoDL_outgroup
SLM,GCB,97_Hend_2BermA_6_15_10,Non-CoDL_outgroup
SLM,NIH3,2_Mile_11394,Non-CoDL_outgroup
SLM,NIH3,2_Mile_13797,Non-CoDL_outgroup
SLM,NIH3,5_Mile_13794,Non-CoDL_outgroup
SLM,NIH3,Bear_PU49,Non-CoDL_outgroup
SLM,NIH3,BWWTP,Non-CoDL_outgroup
SLM,NIH3,Cat_PU03,Non-CoDL_outgroup
SLM,NIH3,Cat_PU12,Non-CoDL_outgroup
SLM,NIH3,Cat_PU15,Non-CoDL_outgroup
SLM,NIH3,Cat_PU16,Non-CoDL_outgroup
SLM,NIH3,Cat_PU18,Non-CoDL_outgroup
SLM,NIH3,Cat_PU21,Non-CoDL_outgroup
SLM,NIH3,Cat_PU24,Non-CoDL_outgroup
SLM,NIH3,Cat_PU25,Non-CoDL_outgroup
SLM,NIH3,Cat_PU30,Non-CoDL_outgroup
SLM,NIH3,Cat_PU31,Non-CoDL_outgroup
SLM,NIH3,Channel_13728,Non-CoDL_outgroup
SLM,NIH3,Cow_PU75,Non-CoDL_outgroup
SLM,NIH3,Cow_PU76,Non-CoDL_outgroup
SLM,NIH3,Cow_PU77,Non-CoDL_outgroup
SLM,NIH3,Cow_PU78,Non-CoDL_outgroup
SLM,NIH3,Cow_PU80,Non-CoDL_outgroup
SLM,NIH3,Cow_PU84,Non-CoDL_outgroup
SLM,NIH3,Cow_PU85,Non-CoDL_outgroup
SLM,NIH3,Cow_PU86,Non-CoDL_outgroup
SLM,NIH3,Cow_PU89,Non-CoDL_outgroup
SLM,NIH3,Cow_PU90,Non-CoDL_outgroup
SLM,NIH3,Deer_PU11,Non-CoDL_outgroup
SLM,NIH3,Deer_PU51,Non-CoDL_outgroup
SLM,NIH3,Deer_PU54,Non-CoDL_outgroup
SLM,NIH3,Deer_PU55,Non-CoDL_outgroup
SLM,NIH3,Deer_PU59,Non-CoDL_outgroup
SLM,NIH3,Deer_PU62,Non-CoDL_outgroup
SLM,NIH3,Deer_PU68,Non-CoDL_outgroup
SLM,NIH3,Dog_PU01,Non-CoDL_outgroup
SLM,NIH3,Dog_PU04,Non-CoDL_outgroup
SLM,NIH3,Dog_PU05,Non-CoDL_outgroup
SLM,NIH3,Dog_PU06,Non-CoDL_outgroup
SLM,NIH3,Dog_PU07,Non-CoDL_outgroup
SLM,NIH3,Dog_PU08,Non-CoDL_outgroup
SLM,NIH3,Dog_PU13,Non-CoDL_outgroup
SLM,NIH3,Dog_PU17,Non-CoDL_outgroup
SLM,NIH3,Dog_PU19,Non-CoDL_outgroup
SLM,NIH3,Dog_PU20,Non-CoDL_outgroup
SLM,NIH3,Dog_PU23,Non-CoDL_outgroup
SLM,NIH3,FMRHAC30_11141,Non-CoDL_outgroup
SLM,NIH3,FMRHC05,Non-CoDL_outgroup
SLM,NIH3,FMRHC16_11111,Non-CoDL_outgroup
SLM,NIH3,FMRHC33,Non-CoDL_outgroup
SLM,NIH3,FMRHC35,Non-CoDL_outgroup
SLM,NIH3,FMRHC43,Non-CoDL_outgroup
SLM,NIH3,FMRKK20_15200,Non-CoDL_outgroup
SLM,NIH3,FMRKK30_15206,Non-CoDL_outgroup
SLM,NIH3,FMRKK40_15297,Non-CoDL_outgroup
SLM,NIH3,FMRMN06_11117,Non-CoDL_outgroup
SLM,NIH3,FMRMN36_11237,Non-CoDL_outgroup
SLM,NIH3,FMRMN53,Non-CoDL_outgroup
SLM,NIH3,FMRMN73,Non-CoDL_outgroup
SLM,NIH3,FMRWPC11_17977,Non-CoDL_outgroup
SLM,NIH3,Fox0,Non-CoDL_outgroup
SLM,NIH3,Fox2,Non-CoDL_outgroup
SLM,NIH3,G_13792,Non-CoDL_outgroup
SLM,NIH3,GCan_11395,Non-CoDL_outgroup
SLM,NIH3,GCan_13812,Non-CoDL_outgroup
SLM,NIH3,Half_GCan_13788,Non-CoDL_outgroup
SLM,NIH3,HR1_LCL_1A,Non-CoDL_outgroup
SLM,NIH3,HR10_S5_1A,Non-CoDL_outgroup
SLM,NIH3,HR11_S5_2A,Non-CoDL_outgroup
SLM,NIH3,HR12_S5_3A,Non-CoDL_outgroup
SLM,NIH3,HR13_Fedmus01_1A,Non-CoDL_outgroup
SLM,NIH3,HR14_Fedmus02_2A,Non-CoDL_outgroup
SLM,NIH3,HR15_Fedmust03_3A,Non-CoDL_outgroup
SLM,NIH3,HR16_LCL_1,Non-CoDL_outgroup
SLM,NIH3,HR17_LCL_3,Non-CoDL_outgroup
SLM,NIH3,HR18_WITrap_1,Non-CoDL_outgroup
SLM,NIH3,HR19_WITrap_2,Non-CoDL_outgroup
SLM,NIH3,HR2_LCL_2A,Non-CoDL_outgroup
SLM,NIH3,HR20_AW_3,Non-CoDL_outgroup
SLM,NIH3,HR21_AW_4,Non-CoDL_outgroup
SLM,NIH3,HR22_JITrap_3,Non-CoDL_outgroup
SLM,NIH3,HR23_JITrap_4,Non-CoDL_outgroup
SLM,NIH3,HR4_WI_1A,Non-CoDL_outgroup
SLM,NIH3,HR5_WI_2A,Non-CoDL_outgroup
SLM,NIH3,HR6_WI_3A,Non-CoDL_outgroup
SLM,NIH3,HR7_AW_1A,Non-CoDL_outgroup
SLM,NIH3,HR8_AW_2A,Non-CoDL_outgroup
SLM,NIH3,HR9_AW_3A,Non-CoDL_outgroup
SLM,NIH3,ISCO_01_10880,Non-CoDL_outgroup
SLM,NIH3,ISCO_01_8940,Non-CoDL_outgroup
SLM,NIH3,ISCO_02_11210,Non-CoDL_outgroup
SLM,NIH3,ISCO_02_11213,Non-CoDL_outgroup
SLM,NIH3,ISCO_02_8922,Non-CoDL_outgroup
SLM,NIH3,ISCO_02_8928,Non-CoDL_outgroup
SLM,NIH3,ISCO_03_10817,Non-CoDL_outgroup
SLM,NIH3,ISCO_03_10882,Non-CoDL_outgroup
SLM,NIH3,ISCO_03_11250,Non-CoDL_outgroup
SLM,NIH3,ISCO_03_8942,Non-CoDL_outgroup
SLM,NIH3,ISCO_04_10907,Non-CoDL_outgroup
SLM,NIH3,ISCO_04_8924,Non-CoDL_outgroup
SLM,NIH3,ISCO_04_8930,Non-CoDL_outgroup
SLM,NIH3,ISCO_05_10819,Non-CoDL_outgroup
SLM,NIH3,ISCO_05_10884,Non-CoDL_outgroup
SLM,NIH3,ISCO_05_8944,Non-CoDL_outgroup
SLM,NIH3,ISCO_06_11217,Non-CoDL_outgroup
SLM,NIH3,ISCO_06_11253,Non-CoDL_outgroup
SLM,NIH3,ISCO_06_8895,Non-CoDL_outgroup
SLM,NIH3,ISCO_06_8926,Non-CoDL_outgroup
SLM,NIH3,ISCO_07_10821,Non-CoDL_outgroup
SLM,NIH3,ISCO_08_10887,Non-CoDL_outgroup
SLM,NIH3,ISCO_08_10911,Non-CoDL_outgroup
SLM,NIH3,ISCO_09_10823,Non-CoDL_outgroup
SLM,NIH3,ISCO_09_11220,Non-CoDL_outgroup
SLM,NIH3,ISCO_11_10825,Non-CoDL_outgroup
SLM,NIH3,ISCO_12_10891,Non-CoDL_outgroup
SLM,NIH3,ISCO_12_11155,Non-CoDL_outgroup
SLM,NIH3,ISCO_12_11223,Non-CoDL_outgroup
SLM,NIH3,JIEFF,Non-CoDL_outgroup
SLM,NIH3,JIINFcomposite,Non-CoDL_outgroup
SLM,NIH3,JIISCO01heavyrain,Non-CoDL_outgroup
SLM,NIH3,JIISCO02postCSO,Non-CoDL_outgroup
SLM,NIH3,JIISCO05baseline,Non-CoDL_outgroup
SLM,NIH3,JIISCO06CSO,Non-CoDL_outgroup
SLM,NIH3,JIISCO09heavyrain,Non-CoDL_outgroup
SLM,NIH3,JIISCO12CSO,Non-CoDL_outgroup
SLM,NIH3,JIISCO12postCSO,Non-CoDL_outgroup
SLM,NIH3,Junction_11380,Non-CoDL_outgroup
SLM,NIH3,Junction_13781,Non-CoDL_outgroup
SLM,NIH3,KK_11376,Non-CoDL_outgroup
SLM,NIH3,KK_13727,Non-CoDL_outgroup
SLM,NIH3,KK_RI12_13733,Non-CoDL_outgroup
SLM,NIH3,KK_River_1stStreet,Non-CoDL_outgroup
SLM,NIH3,L_13799,Non-CoDL_outgroup
SLM,NIH3,LilongweBridgeRT69,Non-CoDL_outgroup
SLM,NIH3,Linwood_11390,Non-CoDL_outgroup
SLM,NIH3,Linwood_13800,Non-CoDL_outgroup
SLM,NIH3,M_Gap_11382,Non-CoDL_outgroup
SLM,NIH3,M_GAP_13785,Non-CoDL_outgroup
SLM,NIH3,Malawi_616OS10A,Non-CoDL_outgroup
SLM,NIH3,Malawi_619LS13A,Non-CoDL_outgroup
SLM,NIH3,Malawi_619LS2A,Non-CoDL_outgroup
SLM,NIH3,Malawi_627KPSA,Non-CoDL_outgroup
SLM,NIH3,Malawi_627MLBSA,Non-CoDL_outgroup
SLM,NIH3,Malawi_627NRM15A,Non-CoDL_outgroup
SLM,NIH3,Malawi_627NRMSC,Non-CoDL_outgroup
SLM,NIH3,Malawi_707NRM40,Non-CoDL_outgroup
SLM,NIH3,Malawi_707NRM415,Non-CoDL_outgroup
SLM,NIH3,Malawi_707NRM80,Non-CoDL_outgroup
SLM,NIH3,Malawi_707NRM815,Non-CoDL_outgroup
SLM,NIH3,Malawi_707O80A,Non-CoDL_outgroup
SLM,NIH3,Malawi_707O815A,Non-CoDL_outgroup
SLM,NIH3,Malawi_71NRMD1A,Non-CoDL_outgroup
SLM,NIH3,Malawi_71NRMW3A,Non-CoDL_outgroup
SLM,NIH3,Malawi_A12110,Non-CoDL_outgroup
SLM,NIH3,MalawiDrinkingWater_RT06,Non-CoDL_outgroup
SLM,NIH3,MalawiDrinkingWater_RT36,Non-CoDL_outgroup
SLM,NIH3,MalawiDrinkingWater_RT50,Non-CoDL_outgroup
SLM,NIH3,MalawiDrinkingWater_RT54,Non-CoDL_outgroup
SLM,NIH3,MalawiDrinkingWater_RT70,Non-CoDL_outgroup
SLM,NIH3,MalawiSewage1A,Non-CoDL_outgroup
SLM,NIH3,MalawiSewage1B,Non-CoDL_outgroup
SLM,NIH3,Malwai_71NRMD6A,Non-CoDL_outgroup
SLM,NIH3,MH01B0140041,Non-CoDL_outgroup
SLM,NIH3,MH01B0140042,Non-CoDL_outgroup
SLM,NIH3,MH093021,Non-CoDL_outgroup
SLM,NIH3,MH093022,Non-CoDL_outgroup
SLM,NIH3,MH179031,Non-CoDL_outgroup
SLM,NIH3,MH179032,Non-CoDL_outgroup
SLM,NIH3,MH302011,Non-CoDL_outgroup
SLM,NIH3,MH302012,Non-CoDL_outgroup
SLM,NIH3,MH310041,Non-CoDL_outgroup
SLM,NIH3,MH310042,Non-CoDL_outgroup
SLM,NIH3,MH315011,Non-CoDL_outgroup
SLM,NIH3,MH315012,Non-CoDL_outgroup
SLM,NIH3,MH317031,Non-CoDL_outgroup
SLM,NIH3,MH317032,Non-CoDL_outgroup
SLM,NIH3,MH503031,Non-CoDL_outgroup
SLM,NIH3,MH503032,Non-CoDL_outgroup
SLM,NIH3,MHole_5049_15426,Non-CoDL_outgroup
SLM,NIH3,MHole_5062_15401,Non-CoDL_outgroup
SLM,NIH3,MKE_11378,Non-CoDL_outgroup
SLM,NIH3,MKE_13725,Non-CoDL_outgroup
SLM,NIH3,MKE_Harbor_Mouth_shakefiltered,Non-CoDL_outgroup
SLM,NIH3,MKE_River_WellsSt,Non-CoDL_outgroup
SLM,NIH3,MKEHarboratMouth,Non-CoDL_outgroup
SLM,NIH3,MkomaD1,Non-CoDL_outgroup
SLM,NIH3,MN_11377,Non-CoDL_outgroup
SLM,NIH3,MN_13726,Non-CoDL_outgroup
SLM,NIH3,MN_RI09_13731,Non-CoDL_outgroup
SLM,NIH3,MN_RI32_13744,Non-CoDL_outgroup
SLM,NIH3,MN_River_16thSt,Non-CoDL_outgroup
SLM,NIH3,OFF_BB1_13807,Non-CoDL_outgroup
SLM,NIH3,Off_BB2_11387,Non-CoDL_outgroup
SLM,NIH3,Pig_187,Non-CoDL_outgroup
SLM,NIH3,Pig_188,Non-CoDL_outgroup
SLM,NIH3,Pig_189,Non-CoDL_outgroup
SLM,NIH3,Pig_190,Non-CoDL_outgroup
SLM,NIH3,Pig_27,Non-CoDL_outgroup
SLM,NIH3,Pig_28,Non-CoDL_outgroup
SLM,NIH3,Pig_29,Non-CoDL_outgroup
SLM,NIH3,Pig_30,Non-CoDL_outgroup
SLM,NIH3,Pig_8313,Non-CoDL_outgroup
SLM,NIH3,Pig_8409,Non-CoDL_outgroup
SLM,NIH3,Piglet_PU0083,Non-CoDL_outgroup
SLM,NIH3,Rabbit_PU09,Non-CoDL_outgroup
SLM,NIH3,Rabbit_PU26,Non-CoDL_outgroup
SLM,NIH3,Raccoon_PU52,Non-CoDL_outgroup
SLM,NIH3,ReusSpain,Non-CoDL_outgroup
SLM,NIH3,RL256,Non-CoDL_outgroup
SLM,NIH3,Ruminant_PU70_91,Non-CoDL_outgroup
SLM,NIH3,RV_Embasa,Non-CoDL_outgroup
SLM,NIH3,S_Gap_13786,Non-CoDL_outgroup
SLM,NIH3,SKK59B_17457,Non-CoDL_outgroup
SLM,NIH3,SLM_NIH3,Non-CoDL_outgroup
SLM,NIH3,SSEFF,Non-CoDL_outgroup
SLM,NIH3,SSINFcomposite,Non-CoDL_outgroup
SLM,NIH3,SSINFgrab,Non-CoDL_outgroup
SLM,NIH3,Steer_PU71,Non-CoDL_outgroup
SLM,NIH3,Steer_PU72,Non-CoDL_outgroup
SLM,NIH3,Steer_PU73,Non-CoDL_outgroup
SLM,NIH3,Steer_PU74,Non-CoDL_outgroup
SLM,NIH3,Steer_PU79,Non-CoDL_outgroup
SLM,NIH3,Steer_PU81,Non-CoDL_outgroup
SLM,NIH3,Steer_PU82,Non-CoDL_outgroup
SLM,NIH3,SWC01A_11073,Non-CoDL_outgroup
SLM,NIH3,SWWTP,Non-CoDL_outgroup
SLM,NIH3,USGSGLRIblank,Non-CoDL_outgroup
SLM,NIH3,VSW_Pooled,Non-CoDL_outgroup
SLM,NIH3,WA06_stormwater,Non-CoDL_outgroup
SLM,NIH3,WA10_stormwater,Non-CoDL_outgroup
SLM,NIH3,WA12_stormwater,Non-CoDL_outgroup
SLM,NIH3,WA16F_15312,Non-CoDL_outgroup
SLM,NIH3,WAMW01_obsWell,Non-CoDL_outgroup
SLM,NIH3,WAMW03_14824,Non-CoDL_outgroup
SLM,NIH3,WAMW03_obsWell,Non-CoDL_outgroup
SLM,NIH3,Woodwd_Grate_18729,Non-CoDL_outgroup
SLM,NIH3,WWWTP,Non-CoDL_outgroup
SLM,SEAG,1St_MI_GHAV_Back1_06_11_13,Non-CoDL_outgroup
SLM,SEAG,1St_MI_GHAV_Berm1_06_11_13,Non-CoDL_outgroup
SLM,SEAG,1St_MI_GHAV1_06_11_13,Non-CoDL_outgroup
SLM,SEAG,1St_MI_NB_Back1_06_11_13,Non-CoDL_outgroup
SLM,SEAG,1St_MI_NB_Berm1_06_11_13,Non-CoDL_outgroup
SLM,SEAG,1St_MI_NB1_06_11_13,Non-CoDL_outgroup
SLM,SEAG,1St_MI_PJHOFF_Back1_06_11_13,Non-CoDL_outgroup
SLM,SEAG,1St_MI_PJHOFF_Berm1_06_11_13,Non-CoDL_outgroup
SLM,SEAG,1St_MI_PJHOFF1_06_11_13,Non-CoDL_outgroup
SLM,SEAG,1St_MI_PMARQ_Back1_06_11_13,Non-CoDL_outgroup
SLM,SEAG,1St_MI_PMARQ_Berm1_06_11_13,Non-CoDL_outgroup
SLM,SEAG,1St_MI_PMARQ1_06_11_13,Non-CoDL_outgroup
SLM,SEAG,1St_WI_ATW_Back1_06_11_13,Non-CoDL_outgroup
SLM,SEAG,1St_WI_ATW_Berm1_06_11_13,Non-CoDL_outgroup
SLM,SEAG,1St_WI_ATW1_06_11_13,Non-CoDL_outgroup
SLM,SEAG,1St_WI_BB_Back1_06_11_13,Non-CoDL_outgroup
SLM,SEAG,1St_WI_BB_Berm1_06_11_13,Non-CoDL_outgroup
SLM,SEAG,1St_WI_BB1_06_11_13,Non-CoDL_outgroup
SLM,SEAG,1St_WI_KASP_Back1_06_10_13,Non-CoDL_outgroup
SLM,SEAG,1St_WI_KASP_Berm1_06_10_13,Non-CoDL_outgroup
SLM,SEAG,1St_WI_KASP1_06_10_13,Non-CoDL_outgroup
SLM,SEAG,1St_WI_LTHS_Back1_06_10_13,Non-CoDL_outgroup
SLM,SEAG,1St_WI_LTHS_Berm1_06_10_13,Non-CoDL_outgroup
SLM,SEAG,1St_WI_LTHS1_06_10_13,Non-CoDL_outgroup
SLM,SEAG,Back_end_1g_COMP,Non-CoDL_outgroup
SLM,SEAG,Back_end_eluent_COMP,Non-CoDL_outgroup
SLM,SEAG,Back_end_strippedsand_1g_COMP,Non-CoDL_outgroup
SLM,SEAG,Back_start_1g_COMP,Non-CoDL_outgroup
SLM,SEAG,Berm_end_1g_COMP,Non-CoDL_outgroup
SLM,SEAG,Berm_end_eluent_COMP,Non-CoDL_outgroup
SLM,SEAG,Berm_end_strippedsand_1g_COMP,Non-CoDL_outgroup
SLM,SEAG,Berm_start_1g_COMP,Non-CoDL_outgroup
SLM,SEAG,MI_GHAV_Back1_08_07_13,Non-CoDL_outgroup
SLM,SEAG,MI_GHAV_Back1_09_23_13,Non-CoDL_outgroup
SLM,SEAG,MI_GHAV_Berm1_08_07_13,Non-CoDL_outgroup
SLM,SEAG,MI_GHAV_Berm1_09_23_13,Non-CoDL_outgroup
SLM,SEAG,MI_GHAV_SUB1_08_07_13,Non-CoDL_outgroup
SLM,SEAG,MI_GHAV_SUB1_09_23_13,Non-CoDL_outgroup
SLM,SEAG,MI_GHAV1_08_07_13,Non-CoDL_outgroup
SLM,SEAG,MI_GHAV1_08_07_13_RE1,Non-CoDL_outgroup
SLM,SEAG,MI_GHAV1_08_07_13_RE2,Non-CoDL_outgroup
SLM,SEAG,MI_GHAV1_09_23_13,Non-CoDL_outgroup
SLM,SEAG,MI_NB_Back1_08_07_13,Non-CoDL_outgroup
SLM,SEAG,MI_NB_Back1_09_23_13,Non-CoDL_outgroup
SLM,SEAG,MI_NB_Back1_09_23_13_RE1,Non-CoDL_outgroup
SLM,SEAG,MI_NB_Back1_09_23_13_RE2,Non-CoDL_outgroup
SLM,SEAG,MI_NB_Berm1_08_07_13,Non-CoDL_outgroup
SLM,SEAG,MI_NB_Berm1_09_23_13,Non-CoDL_outgroup
SLM,SEAG,MI_NB_SUB1_08_07_13,Non-CoDL_outgroup
SLM,SEAG,MI_NB_SUB1_09_23_13,Non-CoDL_outgroup
SLM,SEAG,MI_NB1_08_07_13,Non-CoDL_outgroup
SLM,SEAG,MI_NB1_08_07_13_RE1,Non-CoDL_outgroup
SLM,SEAG,MI_NB1_08_07_13_RE2,Non-CoDL_outgroup
SLM,SEAG,MI_NB1_09_23_13,Non-CoDL_outgroup
SLM,SEAG,MI_PJHOFF_Back1_08_07_13,Non-CoDL_outgroup
SLM,SEAG,MI_PJHOFF_Back1_09_23_13,Non-CoDL_outgroup
SLM,SEAG,MI_PJHOFF_Berm1_08_07_13,Non-CoDL_outgroup
SLM,SEAG,MI_PJHOFF_Berm1_09_23_13,Non-CoDL_outgroup
SLM,SEAG,MI_PJHOFF_SUB1_08_07_13,Non-CoDL_outgroup
SLM,SEAG,MI_PJHOFF_SUB1_08_07_13_RE1,Non-CoDL_outgroup
SLM,SEAG,MI_PJHOFF_SUB1_09_23_13,Non-CoDL_outgroup
SLM,SEAG,MI_PJHOFF1_08_07_13,Non-CoDL_outgroup
SLM,SEAG,MI_PJHOFF1_09_23_13,Non-CoDL_outgroup
SLM,SEAG,MI_PMARQ_Back1_08_07_13,Non-CoDL_outgroup
SLM,SEAG,MI_PMARQ_Back1_09_23_13,Non-CoDL_outgroup
SLM,SEAG,MI_PMARQ_Back1_09_23_13_RE1,Non-CoDL_outgroup
SLM,SEAG,MI_PMARQ_Berm1_08_07_13,Non-CoDL_outgroup
SLM,SEAG,MI_PMARQ_Berm1_09_23_13,Non-CoDL_outgroup
SLM,SEAG,MI_PMARQ_SUB1_08_07_1_RE1,Non-CoDL_outgroup
SLM,SEAG,MI_PMARQ_SUB1_08_07_1_RE2,Non-CoDL_outgroup
SLM,SEAG,MI_PMARQ_SUB1_08_07_13,Non-CoDL_outgroup
SLM,SEAG,MI_PMARQ_SUB1_09_23_13,Non-CoDL_outgroup
SLM,SEAG,MI_PMARQ1_08_07_13,Non-CoDL_outgroup
SLM,SEAG,MI_PMARQ1_09_23_13,Non-CoDL_outgroup
SLM,SEAG,WI_ATW_Back1_07_30_13,Non-CoDL_outgroup
SLM,SEAG,WI_ATW_Back1_09_18_13,Non-CoDL_outgroup
SLM,SEAG,WI_ATW_Back1_09_18_13_RE1,Non-CoDL_outgroup
SLM,SEAG,WI_ATW_Back1_09_18_13_RE2,Non-CoDL_outgroup
SLM,SEAG,WI_ATW_Berm1_07_30_13,Non-CoDL_outgroup
SLM,SEAG,WI_ATW_Berm1_09_18_13,Non-CoDL_outgroup
SLM,SEAG,WI_ATW_Berm1_09_18_13_RE1,Non-CoDL_outgroup
SLM,SEAG,WI_ATW_Berm1_09_18_13_RE2,Non-CoDL_outgroup
SLM,SEAG,WI_ATW_SUB1_07_30_13,Non-CoDL_outgroup
SLM,SEAG,WI_ATW_SUB1_09_18_13,Non-CoDL_outgroup
SLM,SEAG,WI_ATW1_07_30_13,Non-CoDL_outgroup
SLM,SEAG,WI_ATW1_09_18_13,Non-CoDL_outgroup
SLM,SEAG,WI_BB_Back1_08_13_13,Non-CoDL_outgroup
SLM,SEAG,WI_BB_Back1_09_18_13,Non-CoDL_outgroup
SLM,SEAG,WI_BB_Back1_09_18_13_RE1,Non-CoDL_outgroup
SLM,SEAG,WI_BB_Berm1_08_13_13,Non-CoDL_outgroup
SLM,SEAG,WI_BB_Berm1_09_18_13,Non-CoDL_outgroup
SLM,SEAG,WI_BB_SUB1_08_13_13,Non-CoDL_outgroup
SLM,SEAG,WI_BB_SUB1_09_18_13,Non-CoDL_outgroup
SLM,SEAG,WI_BB1_08_13_13,Non-CoDL_outgroup
SLM,SEAG,WI_BB1_09_18_13,Non-CoDL_outgroup
SLM,SEAG,WI_KASP_Back1_07_30_13,Non-CoDL_outgroup
SLM,SEAG,WI_KASP_Back1_09_18_13,Non-CoDL_outgroup
SLM,SEAG,WI_KASP_Back1_09_18_13_RE1,Non-CoDL_outgroup
SLM,SEAG,WI_KASP_Berm1_07_30_13,Non-CoDL_outgroup
SLM,SEAG,WI_KASP_Berm1_09_18_13,Non-CoDL_outgroup
SLM,SEAG,WI_KASP_SUB1_07_30_13,Non-CoDL_outgroup
SLM,SEAG,WI_KASP_SUB1_09_18_13,Non-CoDL_outgroup
SLM,SEAG,WI_KASP1_07_30_13,Non-CoDL_outgroup
SLM,SEAG,WI_KASP1_09_18_13,Non-CoDL_outgroup
SLM,SEAG,WI_LTHS_Back1_07_30_13,Non-CoDL_outgroup
SLM,SEAG,WI_LTHS_Back1_09_18_13,Non-CoDL_outgroup
SLM,SEAG,WI_LTHS_Back1_09_18_13_RE1,Non-CoDL_outgroup
SLM,SEAG,WI_LTHS_Berm1_07_30_13,Non-CoDL_outgroup
SLM,SEAG,WI_LTHS_Berm1_09_18_13,Non-CoDL_outgroup
SLM,SEAG,WI_LTHS_SUB1_07_30_13,Non-CoDL_outgroup
SLM,SEAG,WI_LTHS_SUB1_09_18_13,Non-CoDL_outgroup
SLM,SEAG,WI_LTHS_SUB1_09_18_13_RE1,Non-CoDL_outgroup
SLM,SEAG,WI_LTHS_SUB1_09_18_13_RE1},Non-CoDL_outgroup
SLM,SEAG,WI_LTHS1_07_30_13,Non-CoDL_outgroup
SLM,SEAG,WI_LTHS1_09_18_13,Non-CoDL_outgroup
